ma,cons_bars,cons_range,drop_thresh,take_profit,stop_loss,trades,win_rate,total_profit,avg_profit,max_dd,profit_factor,sl_rate
25,3,7.0,5.0,10.0,7.0,124,49.193548387096776,166.59961014066093,1.3435452430698462,82.00000000000009,1.3777768937429948,50.806451612903224
25,3,7.0,5.0,10.0,3.0,196,29.591836734693878,163.5996101406609,0.8346918884727597,50.99999999999997,1.3951681404363787,70.40816326530613
25,3,7.0,5.0,10.0,5.0,154,40.25974025974026,157.5996101406609,1.0233740918224734,65.00000000000013,1.3426078481318713,59.74025974025974
25,5,7.0,5.0,10.0,7.0,112,49.107142857142854,148.59961014066087,1.3267822333987578,82.00000000000014,1.3724301006031596,50.89285714285714
25,3,7.0,5.0,15.0,3.0,165,21.818181818181817,147.64643777365927,0.8948268955979349,57.000000000000114,1.3815153430843903,78.18181818181819
25,3,7.0,7.0,10.0,3.0,114,32.45614035087719,139.0000000000001,1.219298245614036,40.00000000000005,1.6017316017316017,67.54385964912281
25,3,7.0,7.0,10.0,7.0,85,50.588235294117645,136.00000000000014,1.6000000000000016,54.00000000000004,1.4625850340136057,49.411764705882355
25,3,5.0,5.0,10.0,3.0,180,28.888888888888886,133.59961014066087,0.7422200563370048,48.0,1.3479156514079706,71.11111111111111
25,3,5.0,5.0,10.0,7.0,117,47.863247863247864,130.59961014066084,1.1162359841082123,89.00000000000014,1.305853887917238,52.13675213675214
25,3,7.0,7.0,15.0,3.0,105,23.809523809523807,129.64643777365947,1.2347279787967569,36.00000000000006,1.5401934907235806,76.19047619047619
25,3,7.0,5.0,15.0,5.0,125,30.4,129.64643777365927,1.0371715021892742,75.00000000000021,1.2980377879854232,69.6
100,3,5.0,5.0,10.0,3.0,76,35.526315789473685,123.0000000000001,1.6184210526315803,27.000000000000014,1.8367346938775508,64.47368421052632
25,5,7.0,7.0,10.0,7.0,75,50.66666666666667,121.00000000000009,1.6133333333333344,57.00000000000003,1.467181467181467,49.333333333333336
100,5,7.0,5.0,10.0,3.0,77,35.064935064935064,120.00000000000011,1.5584415584415598,27.000000000000014,1.7999999999999998,64.93506493506493
25,3,7.0,7.0,7.0,7.0,95,58.94736842105262,119.00000000000004,1.2526315789473688,42.00000000000004,1.4358974358974357,41.05263157894737
25,3,7.0,5.0,7.0,7.0,145,55.86206896551724,119.00000000000003,0.820689655172414,63.00000000000007,1.2656249999999998,44.13793103448276
25,5,7.0,5.0,10.0,5.0,141,39.00709219858156,117.59961014066086,0.8340397882316373,80.00000000000013,1.2734874654433972,60.99290780141844
25,3,7.0,5.0,15.0,7.0,102,37.254901960784316,114.93808788392198,1.1268439988619803,79.0000000000002,1.2565582318837543,62.745098039215684
100,7,7.0,5.0,10.0,3.0,66,36.36363636363637,114.00000000000009,1.7272727272727286,21.000000000000014,1.9047619047619047,63.63636363636363
25,5,7.0,5.0,10.0,3.0,178,28.08988764044944,113.59961014066081,0.6382000569700046,60.000000000000014,1.2958323180746374,71.91011235955057
100,3,7.0,5.0,10.0,3.0,84,33.33333333333333,112.0000000000001,1.3333333333333346,27.000000000000014,1.6666666666666665,66.66666666666666
100,5,7.0,5.0,10.0,5.0,68,44.11764705882353,110.00000000000013,1.6176470588235312,30.000000000000014,1.5789473684210529,55.88235294117647
25,3,7.0,7.0,10.0,5.0,101,40.5940594059406,110.00000000000006,1.0891089108910896,65.0000000000001,1.3666666666666665,59.4059405940594
25,3,5.0,5.0,15.0,3.0,154,20.77922077922078,108.64643777365937,0.7054963491796064,63.0000000000001,1.2968481906384133,79.22077922077922
25,3,5.0,5.0,10.0,5.0,143,38.46153846153847,107.59961014066089,0.7524448261584677,80.00000000000014,1.2445445685015017,61.53846153846154
25,3,7.0,7.0,15.0,7.0,78,38.46153846153847,106.93808788392215,1.3710011267169506,56.00000000000003,1.318268118702149,61.53846153846154
25,5,7.0,7.0,7.0,7.0,85,58.82352941176471,105.0000000000001,1.23529411764706,35.00000000000003,1.4285714285714286,41.17647058823529
100,3,7.0,5.0,10.0,5.0,72,43.05555555555556,105.00000000000009,1.4583333333333346,30.0,1.5121951219512197,56.94444444444444
100,7,7.0,5.0,10.0,5.0,60,45.0,105.00000000000007,1.750000000000001,30.000000000000014,1.6363636363636362,55.00000000000001
25,3,5.0,7.0,10.0,7.0,75,49.333333333333336,104.00000000000009,1.3866666666666678,67.00000000000003,1.3909774436090225,50.66666666666667
25,5,5.0,5.0,10.0,5.0,117,39.31623931623932,102.59961014066087,0.8769197447919732,75.0000000000001,1.2890129863117206,60.68376068376068
50,7,5.0,5.0,10.0,5.0,64,43.75,100.00000000000011,1.5625000000000018,35.00000000000006,1.5555555555555556,56.25
100,3,5.0,5.0,10.0,5.0,67,43.28358208955223,100.00000000000009,1.492537313432837,30.00000000000001,1.526315789473684,56.71641791044776
25,7,7.0,5.0,10.0,7.0,107,46.728971962616825,98.59961014066077,0.9214916835575773,92.00000000000014,1.2471168173951397,53.271028037383175
25,5,5.0,7.0,7.0,7.0,66,60.60606060606061,98.00000000000011,1.4848484848484866,42.000000000000014,1.5384615384615385,39.39393939393939
25,5,7.0,5.0,7.0,7.0,132,55.3030303030303,98.00000000000007,0.742424242424243,63.00000000000007,1.2372881355932202,44.696969696969695
50,7,7.0,5.0,10.0,7.0,81,48.148148148148145,96.00000000000011,1.1851851851851867,85.00000000000006,1.326530612244898,51.85185185185185
25,3,5.0,7.0,10.0,3.0,98,30.612244897959183,96.00000000000007,0.9795918367346946,37.00000000000006,1.4705882352941175,69.38775510204081
25,3,7.0,7.0,15.0,5.0,92,30.434782608695656,94.64643777365939,1.0287656279745585,65.00000000000016,1.2957701180426853,69.56521739130434
25,5,5.0,5.0,10.0,3.0,150,28.000000000000004,93.59961014066081,0.6239974009377388,58.00000000000004,1.2888876856193232,72.0
100,7,5.0,5.0,10.0,3.0,43,39.53488372093023,92.00000000000004,2.1395348837209314,18.000000000000014,2.179487179487179,60.46511627906976
25,5,5.0,5.0,7.0,7.0,113,55.75221238938053,91.00000000000009,0.8053097345132751,70.00000000000007,1.26,44.24778761061947
25,3,5.0,7.0,7.0,7.0,83,57.831325301204814,91.00000000000007,1.0963855421686755,49.00000000000003,1.3714285714285714,42.168674698795186
25,3,5.0,5.0,7.0,7.0,133,54.88721804511278,91.00000000000006,0.6842105263157899,70.00000000000009,1.2166666666666666,45.11278195488722
25,3,5.0,7.0,15.0,3.0,94,22.340425531914892,90.64643777365957,0.9643238061027614,42.000000000000064,1.4139106747655685,77.6595744680851
25,7,7.0,5.0,10.0,3.0,164,27.439024390243905,90.59961014066076,0.552436647199151,74.00000000000004,1.2537804205620746,72.5609756097561
100,7,5.0,5.0,10.0,5.0,39,48.717948717948715,90.00000000000004,2.307692307692309,15.000000000000028,1.8999999999999995,51.28205128205128
25,5,7.0,7.0,10.0,3.0,100,30.0,90.00000000000003,0.9000000000000002,43.000000000000064,1.4285714285714284,70.0
100,5,7.0,5.0,7.0,3.0,81,40.74074074074074,87.0000000000001,1.0740740740740753,18.000000000000014,1.6041666666666667,59.25925925925925
100,5,5.0,5.0,10.0,3.0,58,34.48275862068966,86.00000000000006,1.4827586206896561,24.00000000000002,1.7543859649122806,65.51724137931035
50,3,5.0,10.0,15.0,7.0,16,56.25,85.99999999999989,5.374999999999993,21.000000000000014,2.755102040816323,43.75
50,7,7.0,5.0,10.0,5.0,94,39.361702127659576,85.00000000000011,0.9042553191489374,80.00000000000007,1.298245614035088,60.63829787234043
50,3,5.0,5.0,10.0,7.0,85,47.05882352941176,85.00000000000007,1.0000000000000009,80.00000000000009,1.2698412698412698,52.94117647058824
100,5,7.0,5.0,7.0,5.0,72,51.388888888888886,84.00000000000011,1.1666666666666683,23.000000000000014,1.4800000000000004,48.61111111111111
25,7,5.0,7.0,7.0,7.0,44,63.63636363636363,84.00000000000009,1.909090909090911,21.000000000000007,1.7500000000000004,36.36363636363637
25,7,7.0,7.0,7.0,7.0,76,57.89473684210527,84.00000000000004,1.1052631578947374,35.00000000000004,1.3749999999999998,42.10526315789473
25,3,5.0,5.0,15.0,7.0,97,36.08247422680412,83.938087883922,0.8653411122053813,92.0000000000002,1.193405732451433,63.91752577319587
25,5,5.0,5.0,10.0,7.0,97,46.391752577319586,83.59961014066079,0.8618516509346473,104.00000000000009,1.2296692586281888,53.608247422680414
50,7,5.0,5.0,10.0,7.0,61,49.18032786885246,83.00000000000009,1.3606557377049193,43.000000000000036,1.382488479262673,50.81967213114754
25,7,7.0,5.0,10.0,5.0,133,37.59398496240601,82.5996101406608,0.6210497003057203,85.00000000000011,1.1990352051582187,62.40601503759399
25,3,7.0,7.0,7.0,5.0,106,48.113207547169814,82.00000000000003,0.7735849056603776,59.000000000000085,1.298181818181818,51.886792452830186
50,7,7.0,5.0,10.0,3.0,107,28.971962616822427,81.99999999999997,0.7663551401869156,59.0000000000001,1.359649122807017,71.02803738317756
50,5,5.0,5.0,10.0,5.0,83,39.75903614457831,80.00000000000014,0.9638554216867486,60.00000000000003,1.3200000000000005,60.24096385542169
25,3,7.0,5.0,7.0,5.0,176,45.45454545454545,80.00000000000009,0.45454545454545503,70.00000000000011,1.1666666666666667,54.54545454545454
100,3,5.0,5.0,7.0,3.0,80,40.0,80.00000000000009,1.000000000000001,18.000000000000014,1.5555555555555556,60.0
100,7,7.0,5.0,7.0,3.0,70,41.42857142857143,80.00000000000009,1.1428571428571441,18.000000000000014,1.6504065040650406,58.57142857142858
25,3,7.0,5.0,7.0,3.0,210,33.80952380952381,80.00000000000004,0.38095238095238115,51.000000000000036,1.1918465227817745,66.19047619047619
50,3,7.0,10.0,15.0,7.0,20,50.0,79.99999999999987,3.999999999999994,14.000000000000014,2.14285714285714,50.0
25,5,5.0,5.0,7.0,5.0,133,46.616541353383454,79.0000000000002,0.5939849624060165,71.00000000000004,1.222535211267606,53.383458646616546
25,5,7.0,5.0,15.0,3.0,152,19.736842105263158,78.64643777365936,0.5174107748267063,66.00000000000037,1.2148809775236593,80.26315789473685
25,7,5.0,5.0,10.0,3.0,116,28.448275862068968,78.59961014066083,0.6775828460401796,53.00000000000004,1.315661084902252,71.55172413793103
100,3,7.0,5.0,7.0,5.0,78,50.0,78.00000000000011,1.0000000000000016,23.000000000000014,1.4000000000000001,50.0
25,7,5.0,7.0,10.0,7.0,40,52.5,77.0000000000001,1.9250000000000025,43.99999999999999,1.5789473684210529,47.5
100,7,7.0,5.0,10.0,7.0,57,49.122807017543856,77.00000000000006,1.3508771929824572,28.00000000000003,1.3793103448275863,50.877192982456144
25,3,7.0,10.0,7.0,7.0,43,62.7906976744186,77.00000000000001,1.790697674418605,21.000000000000014,1.6874999999999996,37.2093023255814
25,7,7.0,5.0,7.0,7.0,125,54.400000000000006,77.0,0.616,70.00000000000007,1.1929824561403506,45.6
25,5,5.0,5.0,7.0,3.0,158,34.810126582278485,76.00000000000013,0.4810126582278489,52.99999999999999,1.2459546925566347,65.18987341772153
25,3,7.0,7.0,7.0,3.0,118,36.440677966101696,76.00000000000001,0.6440677966101697,46.00000000000008,1.3377777777777775,63.559322033898304
50,3,5.0,10.0,10.0,7.0,16,68.75,75.00000000000009,4.687500000000005,14.000000000000007,3.1428571428571437,31.25
25,3,5.0,7.0,10.0,5.0,87,39.08045977011494,75.00000000000006,0.862068965517242,65.00000000000004,1.2830188679245282,60.91954022988506
25,7,7.0,7.0,10.0,7.0,67,47.76119402985074,75.00000000000001,1.119402985074627,53.00000000000006,1.3061224489795915,52.23880597014925
25,5,7.0,5.0,15.0,7.0,92,35.869565217391305,74.93808788392207,0.814544433520892,85.0000000000002,1.1814481546826199,64.13043478260869
25,3,5.0,5.0,15.0,5.0,116,28.448275862068968,74.64643777365937,0.6435037739108567,105.00000000000024,1.1798709343943599,71.55172413793103
50,7,7.0,5.0,15.0,5.0,84,29.761904761904763,73.64571920196164,0.8767347524043052,85.00000000000017,1.2496465057693613,70.23809523809523
100,5,7.0,5.0,10.0,7.0,65,47.69230769230769,72.00000000000009,1.107692307692309,42.000000000000036,1.3025210084033616,52.307692307692314
100,7,5.0,5.0,7.0,5.0,41,56.09756097560976,71.00000000000003,1.7317073170731714,15.000000000000014,1.7888888888888885,43.90243902439025
25,3,5.0,5.0,7.0,3.0,190,33.68421052631579,70.0000000000001,0.3684210526315795,52.00000000000001,1.1851851851851851,66.3157894736842
25,5,5.0,7.0,10.0,7.0,58,48.275862068965516,70.00000000000007,1.2068965517241392,82.00000000000003,1.3333333333333333,51.724137931034484
50,7,5.0,5.0,10.0,3.0,72,30.555555555555557,70.00000000000003,0.9722222222222227,31.00000000000002,1.4666666666666663,69.44444444444444
100,5,5.0,5.0,10.0,5.0,52,42.30769230769231,70.00000000000003,1.3461538461538467,25.00000000000003,1.4666666666666663,57.692307692307686
25,3,5.0,7.0,15.0,5.0,81,29.629629629629626,69.64643777365953,0.8598325651069078,75.0000000000001,1.2443734658724892,70.37037037037037
100,7,7.0,5.0,7.0,5.0,63,50.79365079365079,69.00000000000007,1.0952380952380965,25.000000000000018,1.4451612903225808,49.2063492063492
100,3,5.0,5.0,10.0,7.0,63,47.61904761904761,69.00000000000004,1.095238095238096,42.00000000000004,1.2987012987012985,52.38095238095239
100,7,7.0,5.0,15.0,3.0,61,22.950819672131146,68.99999999999974,1.1311475409836023,54.00000000000003,1.4893617021276573,77.04918032786885
50,3,5.0,7.0,10.0,7.0,51,49.01960784313725,68.0000000000001,1.3333333333333353,42.00000000000004,1.3736263736263739,50.98039215686274
50,5,7.0,5.0,10.0,7.0,85,45.88235294117647,68.00000000000007,0.8000000000000008,87.00000000000009,1.2111801242236024,54.11764705882353
100,3,7.0,5.0,10.0,7.0,68,47.05882352941176,68.00000000000006,1.0000000000000009,42.00000000000004,1.2698412698412698,52.94117647058824
25,3,5.0,7.0,15.0,7.0,71,36.61971830985916,67.9380878839222,0.9568744772383407,65.00000000000017,1.2156764694727686,63.38028169014085
25,5,7.0,7.0,15.0,7.0,71,36.61971830985916,67.93808788392218,0.9568744772383405,61.00000000000011,1.2156764694727686,63.38028169014085
50,5,5.0,5.0,10.0,7.0,73,46.57534246575342,67.00000000000007,0.9178082191780832,78.00000000000007,1.2454212454212454,53.42465753424658
25,5,7.0,7.0,15.0,3.0,96,20.833333333333336,66.64643777365954,0.6942337268089536,42.000000000000085,1.2923089376037697,79.16666666666666
100,3,7.0,5.0,7.0,3.0,88,37.5,66.0000000000001,0.7500000000000011,21.000000000000014,1.4000000000000004,62.5
25,5,5.0,7.0,7.0,5.0,71,49.29577464788733,65.00000000000011,0.9154929577464804,46.00000000000003,1.3611111111111116,50.70422535211267
100,3,5.0,5.0,7.0,5.0,71,49.29577464788733,65.00000000000009,0.9154929577464801,23.000000000000014,1.3611111111111112,50.70422535211267
100,7,5.0,5.0,7.0,3.0,45,44.44444444444444,65.00000000000003,1.444444444444445,12.000000000000014,1.866666666666666,55.55555555555556
25,5,7.0,5.0,15.0,5.0,114,28.07017543859649,64.64643777365939,0.5670740155584156,105.00000000000026,1.15767423847234,71.9298245614035
50,3,7.0,10.0,10.0,7.0,20,60.0,64.0000000000001,3.200000000000005,18.0,2.142857142857144,40.0
25,7,5.0,5.0,7.0,3.0,122,35.24590163934426,64.00000000000007,0.5245901639344268,37.0,1.270042194092827,64.75409836065575
25,7,7.0,5.0,15.0,3.0,139,19.424460431654676,63.6464377736594,0.457888041537118,81.00000000000031,1.1894239219454146,80.57553956834532
50,3,7.0,5.0,10.0,7.0,93,45.16129032258064,63.00000000000009,0.6774193548387106,88.00000000000007,1.1764705882352944,54.83870967741935
50,3,5.0,5.0,10.0,3.0,114,27.192982456140353,60.99999999999998,0.5350877192982454,59.00000000000009,1.2449799196787144,72.80701754385966
50,7,7.0,5.0,15.0,7.0,72,36.11111111111111,60.93808788392221,0.8463623317211417,101.00000000000017,1.1892487201364041,63.888888888888886
50,3,5.0,5.0,10.0,5.0,99,37.37373737373738,60.00000000000011,0.6060606060606072,80.00000000000006,1.1935483870967745,62.62626262626263
25,7,7.0,7.0,10.0,3.0,84,28.57142857142857,60.00000000000001,0.7142857142857144,41.00000000000007,1.333333333333333,71.42857142857143
100,3,5.0,5.0,15.0,3.0,70,21.428571428571427,59.999999999999716,0.8571428571428531,51.00000000000007,1.3636363636363618,78.57142857142857
100,5,7.0,5.0,15.0,3.0,70,21.428571428571427,59.999999999999716,0.8571428571428531,66.00000000000004,1.3636363636363615,78.57142857142857
50,3,7.0,5.0,10.0,3.0,132,26.515151515151516,58.99999999999996,0.44696969696969663,62.00000000000013,1.2027491408934703,73.48484848484848
25,7,5.0,7.0,7.0,5.0,46,52.17391304347826,58.000000000000085,1.2608695652173931,21.000000000000007,1.527272727272728,47.82608695652174
100,7,5.0,5.0,10.0,7.0,38,50.0,57.000000000000036,1.5000000000000009,21.00000000000002,1.4285714285714284,50.0
100,3,7.0,5.0,15.0,3.0,77,20.77922077922078,56.99999999999969,0.7402597402597362,72.00000000000004,1.3114754098360637,79.22077922077922
50,7,5.0,5.0,7.0,5.0,68,48.529411764705884,56.00000000000009,0.8235294117647073,30.00000000000004,1.3200000000000003,51.470588235294116
25,3,7.0,10.0,10.0,7.0,43,48.837209302325576,56.000000000000085,1.302325581395351,40.000000000000014,1.363636363636364,51.162790697674424
50,7,5.0,5.0,7.0,7.0,64,56.25,56.00000000000007,0.8750000000000011,35.00000000000003,1.2857142857142858,43.75
25,5,5.0,10.0,7.0,7.0,22,68.18181818181817,56.00000000000005,2.5454545454545476,21.000000000000025,2.1428571428571432,31.818181818181817
25,5,7.0,10.0,7.0,7.0,34,61.76470588235294,56.000000000000036,1.6470588235294128,14.000000000000021,1.6153846153846154,38.23529411764706
50,5,5.0,5.0,10.0,3.0,94,27.659574468085108,55.99999999999999,0.5957446808510638,47.00000000000006,1.274509803921568,72.3404255319149
25,5,7.0,7.0,10.0,5.0,88,37.5,55.000000000000014,0.6250000000000001,85.00000000000006,1.1999999999999997,62.5
50,7,7.0,10.0,15.0,7.0,11,54.54545454545454,54.9999999999999,4.999999999999991,14.000000000000007,2.571428571428567,45.45454545454545
50,3,5.0,5.0,15.0,7.0,76,35.526315789473685,54.938087883922165,0.7228695774200284,113.00000000000028,1.1601693524312597,64.47368421052632
25,3,5.0,7.0,7.0,5.0,90,46.666666666666664,54.00000000000008,0.6000000000000009,55.00000000000003,1.2250000000000003,53.333333333333336
100,5,5.0,5.0,7.0,3.0,62,38.70967741935484,54.00000000000006,0.8709677419354848,18.000000000000036,1.473684210526316,61.29032258064516
50,5,5.0,5.0,15.0,5.0,76,28.947368421052634,53.894862812841815,0.7091429317479186,90.00000000000013,1.1996106030105251,71.05263157894737
100,3,3.0,5.0,10.0,3.0,39,33.33333333333333,52.00000000000004,1.3333333333333344,23.00000000000005,1.666666666666667,66.66666666666666
25,7,5.0,7.0,10.0,3.0,48,31.25,51.00000000000004,1.0625000000000009,24.000000000000025,1.515151515151515,68.75
25,5,5.0,7.0,10.0,5.0,68,38.23529411764706,50.00000000000007,0.7352941176470599,70.0,1.2380952380952381,61.76470588235294
25,7,5.0,7.0,7.0,3.0,50,40.0,50.00000000000005,1.0000000000000009,17.00000000000003,1.5555555555555556,60.0
100,3,5.0,7.0,10.0,3.0,44,31.818181818181817,50.00000000000004,1.1363636363636374,22.000000000000036,1.5555555555555554,68.18181818181817
50,3,5.0,10.0,15.0,5.0,18,38.88888888888889,49.999999999999915,2.7777777777777732,40.00000000000001,1.9090909090909074,61.111111111111114
50,3,7.0,10.0,15.0,5.0,22,36.36363636363637,49.999999999999886,2.2727272727272676,35.00000000000001,1.7142857142857124,63.63636363636363
100,5,7.0,5.0,7.0,7.0,69,55.072463768115945,49.000000000000114,0.7101449275362335,35.00000000000003,1.2258064516129035,44.927536231884055
50,3,5.0,10.0,7.0,7.0,17,70.58823529411765,49.000000000000036,2.882352941176473,14.000000000000007,2.3999999999999995,29.411764705882355
50,5,3.0,5.0,7.0,7.0,33,60.60606060606061,49.000000000000014,1.4848484848484853,28.000000000000043,1.538461538461538,39.39393939393939
50,7,7.0,7.0,10.0,3.0,53,30.18867924528302,49.000000000000014,0.9245283018867927,23.99999999999999,1.4414414414414412,69.81132075471697
50,5,7.0,5.0,10.0,3.0,118,26.27118644067797,48.99999999999994,0.4152542372881351,62.00000000000013,1.1877394636015322,73.72881355932203
50,5,7.0,10.0,15.0,7.0,15,46.666666666666664,48.99999999999988,3.2666666666666586,14.00000000000001,1.8749999999999971,53.333333333333336
50,3,5.0,5.0,15.0,5.0,89,28.08988764044944,48.89486281284172,0.5493804810431654,105.0000000000002,1.1527964462901306,71.91011235955057
50,5,3.0,5.0,10.0,7.0,32,50.0,48.00000000000002,1.5000000000000007,39.00000000000004,1.4285714285714284,50.0
25,7,5.0,5.0,10.0,5.0,95,36.84210526315789,47.59961014066087,0.5010485277964303,60.00000000000002,1.1586653671355363,63.1578947368421
25,3,7.0,10.0,10.0,3.0,45,31.11111111111111,47.000000000000064,1.0444444444444458,24.00000000000003,1.505376344086022,68.88888888888889
100,5,7.0,7.0,10.0,3.0,45,31.11111111111111,47.000000000000064,1.0444444444444458,25.000000000000036,1.5053763440860217,68.88888888888889
25,3,5.0,7.0,7.0,3.0,101,34.65346534653465,47.00000000000005,0.4653465346534658,46.00000000000005,1.2373737373737375,65.34653465346535
25,5,5.0,7.0,7.0,3.0,78,35.8974358974359,46.000000000000085,0.5897435897435909,39.000000000000014,1.306666666666667,64.1025641025641
25,3,5.0,5.0,7.0,5.0,159,44.0251572327044,45.00000000000013,0.2830188679245291,89.00000000000006,1.1011235955056182,55.9748427672956
50,5,5.0,7.0,10.0,5.0,42,40.476190476190474,45.00000000000011,1.071428571428574,25.00000000000003,1.3600000000000008,59.523809523809526
50,3,5.0,7.0,10.0,5.0,57,38.59649122807017,45.00000000000009,0.7894736842105279,45.00000000000006,1.2571428571428573,61.40350877192983
50,3,5.0,10.0,10.0,5.0,18,50.0,45.000000000000085,2.500000000000005,25.00000000000001,2.0000000000000013,50.0
25,5,5.0,7.0,10.0,3.0,76,27.631578947368425,45.000000000000036,0.5921052631578952,39.0,1.2727272727272727,72.36842105263158
50,7,7.0,10.0,15.0,5.0,11,45.45454545454545,44.99999999999993,4.090909090909085,20.000000000000004,2.499999999999997,54.54545454545454
25,5,7.0,7.0,15.0,5.0,82,28.04878048780488,44.64643777365951,0.544468753337311,75.00000000000017,1.1513438568598626,71.95121951219512
25,7,5.0,5.0,7.0,5.0,104,45.19230769230769,44.00000000000011,0.4230769230769241,48.0,1.154385964912281,54.807692307692314
25,5,7.0,5.0,7.0,3.0,192,32.29166666666667,44.00000000000004,0.22916666666666688,58.000000000000114,1.1128205128205129,67.70833333333334
100,7,7.0,7.0,10.0,3.0,33,33.33333333333333,44.00000000000004,1.3333333333333346,15.000000000000028,1.666666666666667,66.66666666666666
100,5,5.0,5.0,7.0,5.0,56,48.214285714285715,44.000000000000036,0.7857142857142864,25.00000000000003,1.303448275862069,51.78571428571429
25,3,3.0,7.0,10.0,7.0,35,48.57142857142857,44.00000000000002,1.2571428571428578,64.00000000000004,1.349206349206349,51.42857142857142
50,7,5.0,7.0,10.0,3.0,29,34.48275862068966,43.00000000000006,1.482758620689657,21.000000000000004,1.7543859649122808,65.51724137931035
50,3,3.0,10.0,10.0,7.0,6,83.33333333333334,43.00000000000004,7.166666666666674,7.000000000000007,7.142857142857142,16.666666666666664
50,3,7.0,5.0,15.0,7.0,84,34.523809523809526,42.93808788392213,0.5111677129038349,98.00000000000028,1.1115275009972003,65.47619047619048
25,7,7.0,7.0,15.0,3.0,80,20.0,42.646437773659635,0.5330804721707454,36.00000000000019,1.222116863404477,80.0
100,7,7.0,5.0,15.0,5.0,54,29.629629629629626,42.376376411532604,0.7847477113246778,75.00000000000018,1.2230335600606976,70.37037037037037
25,5,7.0,5.0,7.0,5.0,162,43.82716049382716,42.00000000000012,0.25925925925926,87.00000000000006,1.0923076923076924,56.17283950617284
100,3,7.0,5.0,7.0,7.0,74,54.054054054054056,42.00000000000011,0.567567567567569,35.00000000000003,1.1764705882352944,45.94594594594595
100,7,7.0,5.0,7.0,7.0,60,55.00000000000001,42.000000000000085,0.7000000000000014,28.00000000000003,1.2222222222222225,45.0
50,5,5.0,5.0,7.0,7.0,80,53.75,42.000000000000064,0.5250000000000008,70.00000000000006,1.1621621621621623,46.25
50,7,7.0,7.0,10.0,7.0,45,46.666666666666664,42.000000000000064,0.9333333333333348,43.00000000000004,1.2500000000000002,53.333333333333336
100,3,7.0,7.0,10.0,3.0,51,29.411764705882355,42.00000000000005,0.8235294117647068,28.000000000000036,1.3888888888888888,70.58823529411765
25,3,3.0,7.0,7.0,7.0,38,57.89473684210527,42.00000000000004,1.105263157894738,49.00000000000004,1.375,42.10526315789473
50,7,7.0,10.0,10.0,7.0,11,63.63636363636363,42.00000000000004,3.818181818181822,14.000000000000009,2.5000000000000004,36.36363636363637
100,7,5.0,5.0,7.0,7.0,40,57.49999999999999,42.00000000000004,1.0500000000000012,21.00000000000002,1.3529411764705883,42.5
50,3,5.0,5.0,7.0,7.0,94,53.191489361702125,42.00000000000003,0.4468085106382982,77.00000000000009,1.1363636363636362,46.808510638297875
25,7,7.0,5.0,7.0,3.0,176,32.38636363636363,42.00000000000002,0.23863636363636376,63.00000000000007,1.1176470588235292,67.61363636363636
50,3,7.0,10.0,7.0,7.0,20,65.0,42.000000000000014,2.1000000000000005,21.000000000000014,1.8571428571428568,35.0
25,3,7.0,10.0,15.0,7.0,38,36.84210526315789,41.999999999999716,1.1052631578947294,38.00000000000014,1.249999999999998,63.1578947368421
25,3,3.0,7.0,7.0,5.0,40,50.0,40.00000000000009,1.0000000000000022,41.0,1.4000000000000006,50.0
50,5,7.0,5.0,10.0,5.0,103,35.92233009708738,40.00000000000009,0.3883495145631077,90.00000000000006,1.1212121212121215,64.07766990291263
50,3,7.0,10.0,10.0,5.0,22,45.45454545454545,40.000000000000085,1.8181818181818221,25.000000000000004,1.6666666666666676,54.54545454545454
100,3,7.0,7.0,10.0,5.0,46,39.130434782608695,40.00000000000006,0.8695652173913055,35.00000000000003,1.2857142857142856,60.86956521739131
50,7,7.0,7.0,10.0,5.0,49,38.775510204081634,40.00000000000004,0.8163265306122458,40.00000000000006,1.2666666666666666,61.224489795918366
25,3,7.0,10.0,10.0,5.0,43,39.53488372093023,40.000000000000014,0.9302325581395352,45.00000000000003,1.3076923076923075,60.46511627906976
50,3,3.0,5.0,10.0,7.0,55,45.45454545454545,40.000000000000014,0.7272727272727275,68.00000000000004,1.1904761904761902,54.54545454545454
50,5,5.0,10.0,15.0,5.0,8,50.0,39.99999999999996,4.999999999999995,15.000000000000004,2.999999999999998,50.0
25,5,7.0,7.0,7.0,5.0,93,45.16129032258064,39.000000000000064,0.4193548387096781,65.00000000000006,1.1529411764705884,54.83870967741935
100,5,7.0,7.0,7.0,3.0,47,38.297872340425535,39.00000000000005,0.8297872340425543,21.00000000000002,1.4482758620689655,61.702127659574465
25,3,3.0,5.0,7.0,5.0,98,44.89795918367347,38.000000000000156,0.3877551020408179,59.000000000000014,1.1407407407407413,55.10204081632652
50,3,5.0,7.0,10.0,3.0,61,27.86885245901639,38.000000000000036,0.6229508196721317,30.000000000000007,1.2878787878787878,72.1311475409836
25,5,7.0,7.0,7.0,3.0,104,33.65384615384615,38.000000000000014,0.36538461538461553,51.00000000000007,1.183574879227053,66.34615384615384
25,7,7.0,5.0,7.0,5.0,151,43.70860927152318,37.00000000000008,0.245033112582782,88.00000000000007,1.0870588235294119,56.29139072847682
50,5,5.0,7.0,10.0,3.0,44,29.545454545454547,37.00000000000006,0.8409090909090922,24.000000000000014,1.3978494623655917,70.45454545454545
100,5,5.0,7.0,10.0,3.0,31,32.25806451612903,37.000000000000036,1.1935483870967754,18.00000000000002,1.5873015873015874,67.74193548387096
100,7,5.0,7.0,7.0,3.0,21,47.61904761904761,37.00000000000003,1.7619047619047632,9.00000000000002,2.121212121212121,52.38095238095239
25,3,7.0,10.0,7.0,5.0,43,48.837209302325576,36.99999999999997,0.8604651162790691,40.00000000000005,1.3363636363636358,51.162790697674424
25,5,5.0,5.0,15.0,3.0,130,18.461538461538463,36.646437773659486,0.28189567518199604,75.00000000000036,1.1152403703574196,81.53846153846153
50,7,7.0,10.0,15.0,3.0,12,33.33333333333333,35.999999999999936,2.9999999999999947,15.000000000000021,2.4999999999999956,66.66666666666666
25,7,5.0,7.0,15.0,3.0,46,21.73913043478261,35.89486281284201,0.7803231046270002,24.000000000000025,1.332359840859648,78.26086956521739
25,7,5.0,7.0,10.0,5.0,44,38.63636363636363,35.000000000000085,0.7954545454545474,39.99999999999998,1.2592592592592597,61.36363636363637
100,3,5.0,5.0,7.0,7.0,67,53.73134328358209,35.000000000000085,0.5223880597014938,35.00000000000003,1.1612903225806455,46.26865671641791
50,5,5.0,10.0,10.0,5.0,8,62.5,35.00000000000006,4.375000000000007,9.999999999999995,3.333333333333338,37.5
50,7,7.0,5.0,7.0,5.0,101,44.554455445544555,35.00000000000006,0.3465346534653471,84.00000000000006,1.125,55.44554455445545
100,3,5.0,7.0,10.0,5.0,41,39.02439024390244,35.00000000000006,0.8536585365853673,30.00000000000003,1.2800000000000002,60.97560975609756
50,5,3.0,5.0,10.0,5.0,32,40.625,35.00000000000005,1.0937500000000016,30.00000000000003,1.3684210526315792,59.375
50,7,7.0,10.0,10.0,5.0,11,54.54545454545454,35.00000000000005,3.1818181818181865,14.999999999999996,2.4000000000000012,45.45454545454545
100,7,7.0,7.0,7.0,3.0,35,40.0,35.00000000000004,1.000000000000001,15.000000000000028,1.5555555555555556,60.0
100,5,7.0,10.0,10.0,7.0,12,58.333333333333336,35.00000000000002,2.9166666666666683,21.000000000000007,1.9999999999999996,41.66666666666667
50,3,7.0,7.0,10.0,3.0,75,26.666666666666668,35.0,0.4666666666666667,30.000000000000007,1.212121212121212,73.33333333333333
25,3,5.0,10.0,7.0,7.0,31,58.06451612903226,34.99999999999999,1.1290322580645158,28.00000000000003,1.3846153846153844,41.935483870967744
25,7,7.0,10.0,7.0,7.0,27,59.25925925925925,34.99999999999999,1.296296296296296,14.000000000000016,1.4545454545454541,40.74074074074074
50,5,7.0,10.0,15.0,5.0,17,35.294117647058826,34.999999999999915,2.0588235294117596,25.0,1.6363636363636347,64.70588235294117
25,7,5.0,7.0,15.0,7.0,35,37.142857142857146,34.89486281284199,0.9969960803669141,33.000000000000064,1.2265900182652076,62.857142857142854
25,7,7.0,5.0,15.0,5.0,108,26.851851851851855,34.6464377736594,0.32080034975610555,110.00000000000028,1.0877125006928086,73.14814814814815
100,3,3.0,5.0,7.0,3.0,42,38.095238095238095,34.00000000000005,0.8095238095238108,16.000000000000014,1.4358974358974363,61.904761904761905
25,5,5.0,10.0,7.0,5.0,22,54.54545454545454,34.000000000000036,1.545454545454547,25.00000000000001,1.6800000000000002,45.45454545454545
50,3,3.0,10.0,10.0,3.0,6,66.66666666666666,34.00000000000003,5.666666666666671,6.000000000000011,6.6666666666666625,33.33333333333333
25,5,7.0,10.0,10.0,7.0,34,47.05882352941176,34.00000000000002,1.0000000000000007,46.00000000000003,1.2698412698412698,52.94117647058824
50,3,5.0,10.0,10.0,3.0,19,36.84210526315789,34.000000000000014,1.789473684210527,15.000000000000036,1.9444444444444433,63.1578947368421
50,3,7.0,5.0,15.0,5.0,104,26.923076923076923,33.64571920196151,0.32351653078809145,100.00000000000027,1.088541366320951,73.07692307692307
50,3,5.0,10.0,15.0,3.0,19,26.31578947368421,32.999999999999886,1.736842105263152,27.000000000000057,1.7857142857142816,73.68421052631578
100,5,5.0,5.0,15.0,3.0,55,20.0,32.99999999999978,0.599999999999996,57.000000000000085,1.249999999999998,80.0
50,5,7.0,5.0,15.0,7.0,76,34.21052631578947,32.938087883922144,0.4333958932095019,108.00000000000021,1.0941088225254916,65.78947368421053
50,3,7.0,7.0,10.0,7.0,61,44.26229508196721,32.0000000000001,0.5245901639344278,42.00000000000003,1.1344537815126055,55.73770491803278
100,3,5.0,7.0,7.0,3.0,46,36.95652173913043,32.00000000000004,0.6956521739130445,18.00000000000002,1.367816091954023,63.04347826086957
50,5,5.0,10.0,15.0,7.0,8,50.0,31.999999999999936,3.999999999999992,21.00000000000002,2.1428571428571392,50.0
100,7,7.0,10.0,15.0,7.0,8,50.0,31.99999999999992,3.99999999999999,14.000000000000025,2.142857142857139,50.0
100,5,5.0,7.0,7.0,3.0,33,39.39393939393939,31.000000000000046,0.9393939393939408,12.000000000000021,1.5166666666666668,60.60606060606061
50,5,7.0,10.0,10.0,7.0,15,53.333333333333336,31.000000000000043,2.0666666666666695,18.000000000000007,1.6326530612244903,46.666666666666664
100,7,5.0,7.0,10.0,3.0,20,35.0,31.000000000000032,1.5500000000000016,12.000000000000025,1.7948717948717947,65.0
100,5,5.0,5.0,10.0,7.0,49,44.89795918367347,31.000000000000014,0.63265306122449,35.00000000000004,1.164021164021164,55.10204081632652
50,5,3.0,5.0,10.0,3.0,33,30.303030303030305,31.0,0.9393939393939394,23.000000000000043,1.4492753623188401,69.6969696969697
50,5,5.0,5.0,7.0,5.0,90,44.44444444444444,30.00000000000009,0.3333333333333343,61.000000000000014,1.12,55.55555555555556
100,5,7.0,7.0,10.0,5.0,42,38.095238095238095,30.00000000000007,0.714285714285716,35.00000000000003,1.230769230769231,61.904761904761905
50,3,7.0,5.0,10.0,5.0,114,35.08771929824561,30.000000000000064,0.26315789473684265,100.00000000000006,1.0810810810810811,64.91228070175438
25,3,3.0,5.0,10.0,5.0,87,35.63218390804598,30.00000000000006,0.34482758620689724,65.00000000000001,1.1071428571428572,64.36781609195403
50,3,5.0,10.0,7.0,5.0,18,55.55555555555556,30.000000000000043,1.666666666666669,25.000000000000004,1.7500000000000004,44.44444444444444
50,3,3.0,10.0,10.0,5.0,6,66.66666666666666,30.000000000000032,5.000000000000005,10.000000000000004,4.000000000000002,33.33333333333333
100,5,7.0,10.0,10.0,5.0,12,50.0,30.000000000000032,2.5000000000000027,20.0,2.000000000000001,50.0
100,3,3.0,5.0,10.0,5.0,36,38.88888888888889,29.999999999999993,0.8333333333333331,25.000000000000057,1.2727272727272725,61.111111111111114
50,5,5.0,10.0,15.0,3.0,8,37.5,29.999999999999954,3.7499999999999942,12.000000000000018,2.9999999999999942,62.5
25,7,7.0,5.0,15.0,7.0,89,33.70786516853933,29.938087883922066,0.3363830099317086,98.00000000000027,1.0724893169102228,66.29213483146067
25,5,5.0,5.0,15.0,5.0,97,26.804123711340207,29.64643777365952,0.30563337910989197,115.0000000000002,1.0835110923201676,73.19587628865979
50,5,5.0,10.0,10.0,7.0,8,62.5,29.000000000000043,3.6250000000000053,14.000000000000009,2.3809523809523823,37.5
50,3,5.0,5.0,7.0,5.0,107,43.925233644859816,29.00000000000003,0.2710280373831778,86.00000000000009,1.0966666666666667,56.074766355140184
50,7,7.0,10.0,10.0,3.0,12,41.66666666666667,29.000000000000025,2.4166666666666687,9.000000000000014,2.380952380952381,58.333333333333336
100,7,7.0,10.0,10.0,7.0,8,62.5,29.000000000000018,3.625000000000002,14.000000000000007,2.3809523809523805,37.5
50,7,5.0,5.0,7.0,3.0,77,33.76623376623377,29.000000000000014,0.3766233766233768,42.00000000000005,1.1895424836601307,66.23376623376623
25,7,7.0,7.0,15.0,7.0,64,34.375,28.93808788392225,0.45215762318628516,61.00000000000028,1.098428870353477,65.625
50,5,7.0,5.0,15.0,5.0,93,26.881720430107524,28.645719201961608,0.30801848604259796,105.00000000000018,1.0842521152998872,73.11827956989248
25,7,5.0,5.0,10.0,7.0,83,43.373493975903614,28.599610140660793,0.3445736161525397,80.00000000000006,1.0869289062026164,56.62650602409639
50,3,3.0,5.0,7.0,7.0,60,53.333333333333336,28.000000000000043,0.4666666666666674,63.00000000000006,1.142857142857143,46.666666666666664
50,5,5.0,10.0,10.0,3.0,8,50.0,28.000000000000025,3.500000000000003,6.000000000000007,3.3333333333333335,50.0
25,7,5.0,10.0,7.0,7.0,12,66.66666666666666,28.00000000000002,2.3333333333333353,14.000000000000007,2.0000000000000004,33.33333333333333
50,3,3.0,10.0,7.0,7.0,6,83.33333333333334,28.00000000000002,4.6666666666666705,7.000000000000006,5.0,16.666666666666664
50,7,7.0,5.0,7.0,7.0,88,52.27272727272727,28.00000000000002,0.3181818181818184,91.00000000000009,1.0952380952380951,47.72727272727273
100,5,7.0,10.0,7.0,7.0,12,66.66666666666666,28.000000000000014,2.3333333333333344,14.000000000000018,1.9999999999999996,33.33333333333333
100,7,7.0,10.0,7.0,7.0,8,75.0,28.00000000000001,3.5000000000000013,7.000000000000011,2.9999999999999982,25.0
25,7,5.0,5.0,7.0,7.0,94,52.12765957446809,28.000000000000007,0.297872340425532,56.000000000000064,1.0888888888888888,47.87234042553192
25,3,3.0,10.0,10.0,7.0,13,53.84615384615385,28.000000000000004,2.153846153846154,28.000000000000025,1.6666666666666663,46.15384615384615
100,3,7.0,5.0,15.0,5.0,65,27.692307692307693,27.794446873995962,0.42760687498455324,95.00000000000017,1.118274242017004,72.3076923076923
100,5,7.0,5.0,15.0,5.0,61,27.86885245901639,27.376376411532604,0.448793055926764,95.00000000000018,1.1244380745978753,72.1311475409836
50,5,7.0,7.0,10.0,7.0,52,44.230769230769226,27.000000000000068,0.5192307692307705,50.00000000000006,1.1330049261083746,55.769230769230774
25,3,3.0,7.0,10.0,3.0,43,27.906976744186046,27.00000000000001,0.6279069767441863,30.000000000000032,1.2903225806451613,72.09302325581395
100,3,3.0,5.0,10.0,7.0,35,45.714285714285715,26.99999999999999,0.7714285714285711,44.00000000000004,1.2030075187969924,54.285714285714285
25,3,3.0,5.0,10.0,3.0,108,25.0,26.99999999999995,0.24999999999999953,63.00000000000004,1.1111111111111107,75.0
50,7,7.0,5.0,15.0,3.0,97,18.556701030927837,26.64571920196162,0.2746981361026971,72.00000000000027,1.1124291949449856,81.44329896907216
100,3,7.0,7.0,7.0,5.0,50,46.0,26.000000000000078,0.5200000000000016,35.00000000000003,1.192592592592593,54.0
25,7,7.0,7.0,7.0,3.0,88,32.95454545454545,26.000000000000014,0.29545454545454564,47.00000000000004,1.1468926553672316,67.04545454545455
100,5,7.0,10.0,15.0,7.0,12,41.66666666666667,25.99999999999989,2.1666666666666576,28.00000000000004,1.5306122448979564,58.333333333333336
25,5,5.0,7.0,15.0,7.0,55,34.54545454545455,25.93808788392234,0.47160159788949707,66.00000000000013,1.102928920174295,65.45454545454545
25,3,3.0,7.0,7.0,3.0,45,35.55555555555556,25.000000000000064,0.555555555555557,32.000000000000014,1.2873563218390809,64.44444444444444
50,7,5.0,7.0,10.0,5.0,28,39.285714285714285,25.000000000000064,0.8928571428571451,25.000000000000032,1.294117647058824,60.71428571428571
50,3,7.0,7.0,10.0,5.0,70,35.714285714285715,25.000000000000057,0.35714285714285793,45.00000000000006,1.1111111111111112,64.28571428571429
25,7,3.0,7.0,7.0,3.0,5,80.0,25.000000000000036,5.000000000000007,2.999999999999999,9.333333333333348,20.0
50,3,3.0,5.0,10.0,5.0,58,36.206896551724135,25.00000000000003,0.43103448275862116,60.00000000000002,1.1351351351351353,63.793103448275865
25,5,5.0,10.0,10.0,5.0,22,40.909090909090914,25.00000000000002,1.1363636363636374,35.000000000000014,1.3846153846153846,59.09090909090909
100,3,3.0,10.0,10.0,5.0,4,75.0,25.00000000000002,6.250000000000005,4.9999999999999964,6.000000000000007,25.0
25,3,3.0,10.0,10.0,5.0,13,46.15384615384615,25.000000000000004,1.9230769230769234,19.999999999999996,1.714285714285714,53.84615384615385
100,3,7.0,10.0,10.0,5.0,16,43.75,25.000000000000004,1.5625000000000002,25.000000000000007,1.5555555555555551,56.25
25,3,7.0,10.0,7.0,3.0,45,35.55555555555556,24.999999999999975,0.555555555555555,26.00000000000004,1.28735632183908,64.44444444444444
100,5,7.0,10.0,7.0,5.0,12,58.333333333333336,24.00000000000003,2.000000000000002,10.000000000000014,1.9600000000000009,41.66666666666667
25,7,5.0,10.0,7.0,5.0,12,58.333333333333336,24.00000000000002,2.0000000000000018,10.000000000000014,1.9600000000000006,41.66666666666667
100,3,7.0,10.0,10.0,7.0,16,50.0,23.999999999999993,1.4999999999999996,28.000000000000014,1.428571428571428,50.0
50,3,3.0,10.0,15.0,7.0,6,50.0,23.999999999999968,3.9999999999999947,14.000000000000018,2.14285714285714,50.0
100,3,7.0,10.0,15.0,3.0,16,25.0,23.999999999999915,1.4999999999999947,30.00000000000003,1.6666666666666634,75.0
50,3,5.0,7.0,15.0,7.0,49,34.69387755102041,23.938087883922364,0.48853240579433393,95.00000000000016,1.1068664637675103,65.3061224489796
50,7,5.0,5.0,15.0,5.0,58,27.586206896551722,23.894862812841872,0.41198039332485986,45.000000000000085,1.1137850610135327,72.41379310344827
25,7,3.0,7.0,7.0,5.0,5,80.0,23.00000000000002,4.600000000000004,5.0000000000000115,5.599999999999994,20.0
50,7,5.0,7.0,7.0,3.0,29,37.93103448275862,23.000000000000018,0.7931034482758627,11.000000000000005,1.4259259259259258,62.06896551724138
100,3,3.0,10.0,10.0,7.0,4,75.0,23.00000000000001,5.750000000000003,7.000000000000006,4.285714285714284,25.0
50,5,5.0,5.0,15.0,7.0,68,33.82352941176471,22.938087883922236,0.3373248218223858,115.00000000000018,1.072819326615626,66.17647058823529
50,3,7.0,10.0,10.0,3.0,23,30.434782608695656,22.00000000000002,0.9565217391304357,15.000000000000037,1.4583333333333333,69.56521739130434
50,3,3.0,10.0,7.0,3.0,6,66.66666666666666,22.000000000000018,3.6666666666666696,6.000000000000009,4.666666666666664,33.33333333333333
50,3,7.0,10.0,7.0,5.0,22,50.0,22.000000000000014,1.0000000000000007,27.999999999999996,1.4000000000000001,50.0
50,3,3.0,5.0,7.0,5.0,63,44.44444444444444,21.00000000000005,0.33333333333333415,56.00000000000003,1.1200000000000003,55.55555555555556
100,3,7.0,7.0,7.0,3.0,53,33.9622641509434,21.000000000000046,0.3962264150943405,24.00000000000002,1.2000000000000002,66.0377358490566
25,7,3.0,7.0,7.0,7.0,5,80.0,21.00000000000003,4.2000000000000055,7.000000000000004,4.000000000000003,20.0
50,7,7.0,10.0,7.0,7.0,11,63.63636363636363,21.000000000000025,1.9090909090909114,14.000000000000007,1.7500000000000002,36.36363636363637
25,3,3.0,10.0,7.0,7.0,13,61.53846153846154,21.00000000000002,1.615384615384617,14.00000000000002,1.6,38.46153846153847
25,3,5.0,10.0,10.0,7.0,31,45.16129032258064,21.000000000000014,0.6774193548387102,49.00000000000003,1.1764705882352942,54.83870967741935
25,5,3.0,7.0,7.0,7.0,13,61.53846153846154,21.00000000000001,1.6153846153846163,7.000000000000014,1.5999999999999996,38.46153846153847
50,7,3.0,5.0,10.0,3.0,19,31.57894736842105,21.0,1.105263157894737,15.000000000000023,1.538461538461538,68.42105263157895
50,3,7.0,10.0,15.0,3.0,23,21.73913043478261,20.999999999999893,0.913043478260865,30.000000000000053,1.3888888888888864,78.26086956521739
25,3,7.0,10.0,15.0,3.0,41,19.51219512195122,20.999999999999837,0.5121951219512155,36.0000000000001,1.2121212121212102,80.48780487804879
100,3,5.0,7.0,15.0,3.0,41,19.51219512195122,20.99999999999981,0.512195121951215,42.0000000000001,1.21212121212121,80.48780487804879
100,7,5.0,5.0,15.0,3.0,41,19.51219512195122,20.999999999999794,0.5121951219512145,42.00000000000009,1.2121212121212097,80.48780487804879
50,7,7.0,7.0,15.0,3.0,51,19.607843137254903,20.64571920196185,0.4048180235678794,33.000000000000014,1.1678513756257058,80.3921568627451
100,5,7.0,7.0,7.0,5.0,44,45.45454545454545,20.000000000000068,0.4545454545454561,35.00000000000003,1.166666666666667,54.54545454545454
50,5,7.0,10.0,10.0,5.0,17,41.17647058823529,20.000000000000064,1.176470588235298,19.999999999999996,1.400000000000001,58.82352941176471
50,5,5.0,10.0,7.0,5.0,8,62.5,20.00000000000005,2.500000000000006,9.999999999999995,2.333333333333337,37.5
25,5,3.0,5.0,7.0,5.0,56,44.642857142857146,20.000000000000032,0.3571428571428577,29.000000000000018,1.1290322580645162,55.35714285714286
100,7,7.0,7.0,10.0,5.0,32,37.5,20.000000000000032,0.625000000000001,30.000000000000036,1.2000000000000002,62.5
100,5,5.0,7.0,10.0,5.0,29,37.93103448275862,20.000000000000025,0.6896551724137939,20.000000000000036,1.2222222222222223,62.06896551724138
100,5,3.0,5.0,7.0,3.0,20,40.0,20.00000000000002,1.000000000000001,12.000000000000012,1.5555555555555558,60.0
100,7,7.0,10.0,10.0,5.0,8,50.0,20.00000000000002,2.5000000000000027,15.0,2.000000000000001,50.0
25,3,3.0,7.0,10.0,5.0,38,36.84210526315789,20.000000000000018,0.5263157894736846,50.00000000000001,1.1666666666666667,63.1578947368421
100,7,7.0,10.0,7.0,5.0,8,62.5,20.000000000000018,2.500000000000002,10.0,2.333333333333334,37.5
100,7,5.0,7.0,7.0,5.0,20,50.0,20.00000000000001,1.0000000000000004,10.000000000000018,1.4,50.0
25,3,5.0,10.0,10.0,5.0,32,37.5,19.999999999999993,0.6249999999999998,50.00000000000004,1.1999999999999997,62.5
100,7,7.0,10.0,15.0,5.0,8,37.5,19.999999999999947,2.4999999999999933,15.0,1.7999999999999976,62.5
100,5,7.0,10.0,15.0,5.0,12,33.33333333333333,19.999999999999936,1.6666666666666614,25.00000000000002,1.4999999999999982,66.66666666666666
100,3,7.0,10.0,15.0,5.0,16,31.25,19.99999999999989,1.2499999999999931,30.00000000000003,1.3636363636363613,68.75
100,3,7.0,10.0,15.0,7.0,16,37.5,19.999999999999844,1.2499999999999902,28.00000000000004,1.2857142857142831,62.5
25,5,5.0,7.0,15.0,5.0,63,26.984126984126984,19.646437773659684,0.3118482186295188,55.00000000000016,1.0854192946680856,73.01587301587301
25,3,3.0,10.0,7.0,5.0,13,53.84615384615385,19.00000000000003,1.4615384615384637,9.999999999999993,1.633333333333334,46.15384615384615
50,3,3.0,7.0,10.0,3.0,24,29.166666666666668,19.000000000000025,0.7916666666666677,21.000000000000032,1.3725490196078434,70.83333333333334
25,5,3.0,7.0,7.0,5.0,13,53.84615384615385,19.00000000000001,1.4615384615384623,10.000000000000018,1.6333333333333333,46.15384615384615
50,7,7.0,5.0,7.0,3.0,117,31.62393162393162,18.999999999999957,0.16239316239316204,58.00000000000014,1.0791666666666664,68.37606837606837
50,7,7.0,7.0,15.0,5.0,47,27.659574468085108,18.645719201961803,0.39671742982897457,35.0000000000002,1.1096807011880103,72.3404255319149
25,7,3.0,5.0,7.0,3.0,34,35.294117647058826,18.00000000000003,0.5294117647058831,18.000000000000014,1.272727272727273,64.70588235294117
50,3,3.0,10.0,7.0,5.0,6,66.66666666666666,18.000000000000025,3.000000000000004,10.000000000000004,2.800000000000002,33.33333333333333
100,5,5.0,10.0,7.0,5.0,6,66.66666666666666,18.00000000000002,3.0000000000000036,5.000000000000011,2.8000000000000007,33.33333333333333
100,7,5.0,10.0,7.0,3.0,4,75.0,18.00000000000002,4.500000000000005,2.9999999999999982,7.00000000000001,25.0
25,7,5.0,10.0,10.0,7.0,12,50.0,18.00000000000001,1.5000000000000009,35.000000000000014,1.4285714285714288,50.0
25,3,5.0,10.0,10.0,3.0,33,27.27272727272727,18.000000000000007,0.5454545454545456,30.00000000000003,1.2499999999999998,72.72727272727273
50,5,3.0,5.0,7.0,3.0,34,35.294117647058826,18.000000000000007,0.5294117647058826,29.000000000000043,1.2727272727272725,64.70588235294117
100,3,5.0,10.0,10.0,7.0,12,50.0,17.999999999999982,1.4999999999999984,21.000000000000014,1.4285714285714275,50.0
50,3,3.0,10.0,15.0,3.0,6,33.33333333333333,17.999999999999964,2.9999999999999942,12.000000000000025,2.4999999999999942,66.66666666666666
100,5,7.0,10.0,15.0,3.0,12,25.0,17.999999999999936,1.4999999999999947,27.00000000000003,1.6666666666666639,75.0
100,3,5.0,10.0,15.0,3.0,12,25.0,17.99999999999993,1.499999999999994,24.00000000000003,1.6666666666666632,75.0
50,5,7.0,10.0,15.0,3.0,18,22.22222222222222,17.999999999999908,0.9999999999999949,24.00000000000004,1.428571428571426,77.77777777777779
100,5,7.0,7.0,15.0,3.0,42,19.047619047619047,17.999999999999822,0.42857142857142433,60.000000000000085,1.1764705882352922,80.95238095238095
100,3,7.0,7.0,15.0,3.0,48,18.75,17.999999999999797,0.3749999999999958,69.00000000000009,1.153846153846152,81.25
25,5,7.0,10.0,15.0,7.0,32,34.375,17.999999999999748,0.5624999999999921,46.00000000000012,1.1224489795918349,65.625
50,7,7.0,10.0,7.0,5.0,11,54.54545454545454,17.000000000000036,1.5454545454545487,14.999999999999996,1.680000000000001,45.45454545454545
100,3,7.0,10.0,10.0,3.0,16,31.25,17.000000000000014,1.0625000000000009,18.000000000000007,1.5151515151515151,68.75
25,3,5.0,10.0,15.0,7.0,29,34.48275862068966,16.999999999999787,0.5862068965517168,49.00000000000002,1.127819548872179,65.51724137931035
50,5,5.0,7.0,10.0,7.0,39,43.58974358974359,16.000000000000064,0.4102564102564119,45.00000000000003,1.1038961038961044,56.41025641025641
50,3,3.0,7.0,10.0,7.0,22,45.45454545454545,16.000000000000032,0.7272727272727287,35.000000000000014,1.1904761904761907,54.54545454545454
100,3,3.0,10.0,7.0,5.0,4,75.0,16.000000000000032,4.000000000000008,4.9999999999999964,4.200000000000009,25.0
50,5,5.0,10.0,7.0,3.0,8,50.0,16.000000000000025,2.000000000000003,6.000000000000005,2.3333333333333344,50.0
100,5,7.0,10.0,10.0,3.0,12,33.33333333333333,16.00000000000002,1.333333333333335,15.000000000000005,1.6666666666666672,66.66666666666666
100,7,5.0,10.0,7.0,5.0,4,75.0,16.00000000000002,4.000000000000005,4.9999999999999964,4.200000000000006,25.0
25,5,5.0,10.0,10.0,7.0,22,45.45454545454545,16.000000000000007,0.7272727272727276,53.00000000000002,1.1904761904761905,54.54545454545454
100,3,3.0,5.0,7.0,5.0,40,45.0,16.000000000000007,0.4000000000000002,24.000000000000032,1.1454545454545455,55.00000000000001
100,3,7.0,10.0,7.0,5.0,16,50.0,16.000000000000007,1.0000000000000004,13.000000000000004,1.4,50.0
100,7,7.0,10.0,7.0,3.0,8,50.0,16.000000000000007,2.000000000000001,9.000000000000004,2.333333333333333,50.0
100,3,5.0,10.0,10.0,3.0,12,33.33333333333333,15.999999999999995,1.3333333333333328,12.000000000000005,1.6666666666666659,66.66666666666666
25,7,5.0,10.0,10.0,3.0,12,33.33333333333333,15.999999999999993,1.3333333333333328,15.000000000000005,1.666666666666666,66.66666666666666
50,5,7.0,7.0,10.0,3.0,64,25.0,15.999999999999979,0.24999999999999967,30.000000000000014,1.1111111111111107,75.0
25,7,7.0,10.0,15.0,7.0,26,34.61538461538461,15.999999999999801,0.6153846153846078,34.00000000000004,1.1344537815126032,65.38461538461539
50,5,3.0,5.0,7.0,5.0,33,45.45454545454545,15.000000000000037,0.4545454545454557,36.00000000000003,1.166666666666667,54.54545454545454
100,7,7.0,10.0,10.0,3.0,8,37.5,15.000000000000016,1.875000000000002,12.000000000000002,2.0000000000000004,62.5
50,3,5.0,7.0,7.0,5.0,57,43.859649122807014,15.000000000000014,0.26315789473684237,48.00000000000005,1.09375,56.14035087719298
100,5,5.0,10.0,10.0,5.0,6,50.0,15.00000000000001,2.5000000000000018,9.999999999999996,2.0,50.0
25,7,5.0,10.0,10.0,5.0,12,41.66666666666667,15.000000000000004,1.2500000000000002,25.0,1.4285714285714286,58.333333333333336
25,7,7.0,7.0,7.0,5.0,81,43.20987654320987,15.000000000000004,0.18518518518518523,61.00000000000006,1.065217391304348,56.79012345679012
100,3,5.0,10.0,10.0,5.0,12,41.66666666666667,14.999999999999996,1.2499999999999998,20.000000000000007,1.4285714285714282,58.333333333333336
100,7,7.0,7.0,15.0,3.0,31,19.35483870967742,14.99999999999985,0.48387096774193067,36.000000000000085,1.1999999999999977,80.64516129032258
100,3,3.0,5.0,15.0,3.0,37,18.91891891891892,14.999999999999837,0.405405405405401,54.00000000000008,1.1666666666666645,81.08108108108108
50,7,7.0,7.0,15.0,7.0,44,34.090909090909086,14.938087883922375,0.33950199736187214,56.00000000000024,1.0735866398222775,65.9090909090909
25,7,5.0,5.0,15.0,3.0,101,17.82178217821782,14.894862812841826,0.14747388923605767,45.000000000000036,1.0598187261559913,82.17821782178217
50,5,5.0,10.0,7.0,7.0,8,62.5,14.000000000000036,1.7500000000000044,14.000000000000007,1.6666666666666683,37.5
50,5,7.0,5.0,7.0,7.0,94,51.06382978723404,14.000000000000036,0.14893617021276634,98.00000000000011,1.0434782608695652,48.93617021276596
100,7,7.0,7.0,10.0,7.0,32,43.75,14.000000000000036,0.4375000000000011,50.00000000000004,1.1111111111111112,56.25
50,5,7.0,10.0,7.0,7.0,16,56.25,14.000000000000032,0.875000000000002,21.00000000000001,1.285714285714286,43.75
50,7,7.0,10.0,7.0,3.0,12,41.66666666666667,14.000000000000032,1.1666666666666694,9.000000000000012,1.6666666666666676,58.333333333333336
100,3,3.0,10.0,7.0,7.0,4,75.0,14.000000000000021,3.5000000000000053,7.000000000000006,3.0000000000000013,25.0
50,7,5.0,10.0,10.0,3.0,4,50.0,14.000000000000016,3.500000000000004,6.000000000000005,3.333333333333334,50.0
100,7,5.0,10.0,10.0,3.0,4,50.0,14.000000000000016,3.500000000000004,5.999999999999998,3.3333333333333366,50.0
100,5,5.0,10.0,7.0,7.0,6,66.66666666666666,14.00000000000001,2.3333333333333353,7.000000000000011,1.9999999999999996,33.33333333333333
100,7,5.0,10.0,7.0,7.0,4,75.0,14.00000000000001,3.5000000000000027,7.000000000000006,3.0,25.0
100,3,3.0,10.0,10.0,3.0,4,50.0,14.000000000000009,3.500000000000002,3.000000000000007,3.3333333333333326,50.0
25,7,5.0,10.0,7.0,3.0,12,41.66666666666667,14.000000000000007,1.1666666666666672,9.000000000000009,1.6666666666666665,58.333333333333336
100,5,7.0,10.0,7.0,3.0,12,41.66666666666667,14.000000000000007,1.1666666666666672,11.000000000000005,1.6666666666666665,58.333333333333336
100,3,5.0,10.0,7.0,3.0,12,41.66666666666667,14.0,1.1666666666666667,9.000000000000012,1.6666666666666659,58.333333333333336
100,3,5.0,10.0,7.0,7.0,12,58.333333333333336,13.999999999999993,1.166666666666666,14.000000000000018,1.3999999999999992,41.66666666666667
100,3,7.0,10.0,7.0,7.0,16,56.25,13.999999999999993,0.8749999999999996,14.000000000000023,1.2857142857142854,43.75
50,3,5.0,7.0,7.0,7.0,54,51.85185185185185,13.999999999999988,0.259259259259259,42.00000000000005,1.0769230769230769,48.148148148148145
50,5,5.0,7.0,15.0,5.0,40,27.500000000000004,13.894862812842,0.34737157032105,50.000000000000085,1.0958266400885652,72.5
100,3,5.0,7.0,7.0,5.0,43,44.18604651162791,13.000000000000066,0.3023255813953504,30.000000000000036,1.1083333333333338,55.81395348837209
100,5,5.0,7.0,7.0,5.0,31,45.16129032258064,13.000000000000039,0.41935483870967866,20.000000000000036,1.1529411764705886,54.83870967741935
25,3,3.0,10.0,10.0,3.0,13,30.76923076923077,13.000000000000009,1.0000000000000007,11.999999999999998,1.4814814814814816,69.23076923076923
25,5,3.0,5.0,7.0,3.0,59,32.20338983050847,12.999999999999993,0.22033898305084734,38.000000000000014,1.1083333333333332,67.79661016949152
50,3,5.0,10.0,7.0,3.0,19,36.84210526315789,12.999999999999982,0.6842105263157885,15.000000000000036,1.36111111111111,63.1578947368421
50,3,3.0,5.0,10.0,3.0,65,24.615384615384617,12.999999999999941,0.1999999999999991,51.00000000000012,1.0884353741496593,75.38461538461539
25,5,5.0,7.0,15.0,3.0,72,18.055555555555554,12.646437773659697,0.1756449690786069,30.000000000000185,1.0714488009811283,81.94444444444444
100,3,5.0,5.0,15.0,5.0,60,26.666666666666668,12.376376411532618,0.2062729401922103,95.00000000000016,1.0562562564160574,73.33333333333333
100,5,7.0,7.0,10.0,7.0,42,42.857142857142854,12.000000000000053,0.285714285714287,61.000000000000064,1.0714285714285716,57.14285714285714
25,5,5.0,10.0,10.0,3.0,22,27.27272727272727,12.00000000000001,0.545454545454546,21.000000000000007,1.2500000000000002,72.72727272727273
100,3,5.0,10.0,7.0,5.0,12,50.0,12.00000000000001,1.0000000000000009,10.000000000000014,1.4000000000000001,50.0
100,3,7.0,10.0,7.0,3.0,16,37.5,12.00000000000001,0.7500000000000007,11.0,1.4000000000000001,62.5
100,5,5.0,10.0,7.0,3.0,6,50.0,12.000000000000004,2.0000000000000004,6.000000000000016,2.3333333333333317,50.0
25,5,3.0,10.0,15.0,3.0,2,50.0,11.999999999999998,5.999999999999999,2.9999999999999982,5.000000000000001,50.0
100,7,7.0,10.0,15.0,3.0,8,25.0,11.999999999999948,1.4999999999999936,18.00000000000002,1.6666666666666632,75.0
100,5,3.0,5.0,15.0,3.0,20,20.0,11.999999999999911,0.5999999999999955,27.000000000000014,1.249999999999998,80.0
50,5,7.0,10.0,7.0,5.0,17,47.05882352941176,11.000000000000055,0.647058823529415,22.99999999999999,1.2444444444444456,52.94117647058824
25,7,3.0,7.0,10.0,3.0,5,40.0,11.00000000000001,2.200000000000002,5.999999999999995,2.2222222222222237,60.0
50,7,7.0,7.0,7.0,3.0,53,32.075471698113205,11.000000000000007,0.20754716981132088,23.00000000000007,1.1018518518518519,67.9245283018868
25,5,3.0,7.0,7.0,3.0,13,38.46153846153847,11.000000000000004,0.8461538461538465,9.00000000000001,1.458333333333333,61.53846153846154
50,5,7.0,10.0,10.0,3.0,18,27.77777777777778,10.999999999999998,0.611111111111111,12.000000000000027,1.2820512820512817,72.22222222222221
50,3,7.0,10.0,7.0,3.0,23,34.78260869565217,10.999999999999986,0.4782608695652168,15.000000000000036,1.2444444444444438,65.21739130434783
25,5,3.0,5.0,10.0,3.0,57,24.561403508771928,10.999999999999961,0.1929824561403502,48.00000000000002,1.085271317829457,75.43859649122807
25,7,5.0,10.0,15.0,7.0,11,36.36363636363637,10.999999999999922,0.9999999999999929,28.00000000000001,1.2244897959183656,63.63636363636363
100,7,7.0,7.0,7.0,5.0,34,44.11764705882353,10.000000000000028,0.29411764705882437,25.000000000000036,1.105263157894737,55.88235294117647
50,7,5.0,10.0,10.0,5.0,4,50.0,10.000000000000027,2.5000000000000067,9.999999999999995,2.000000000000003,50.0
100,7,5.0,10.0,10.0,5.0,4,50.0,10.000000000000018,2.5000000000000044,9.999999999999996,2.000000000000002,50.0
100,7,5.0,7.0,10.0,5.0,19,36.84210526315789,10.000000000000016,0.5263157894736851,20.000000000000036,1.1666666666666667,63.1578947368421
25,5,3.0,5.0,10.0,5.0,52,34.61538461538461,10.000000000000007,0.19230769230769246,45.000000000000014,1.0588235294117647,65.38461538461539
50,7,3.0,5.0,10.0,5.0,19,36.84210526315789,10.000000000000007,0.5263157894736846,15.000000000000027,1.1666666666666667,63.1578947368421
25,7,7.0,10.0,10.0,3.0,27,25.925925925925924,9.999999999999996,0.37037037037037024,30.00000000000002,1.1666666666666665,74.07407407407408
25,5,3.0,10.0,15.0,5.0,2,50.0,9.99999999999999,4.999999999999995,5.000000000000007,2.9999999999999956,50.0
50,3,3.0,10.0,15.0,5.0,6,33.33333333333333,9.99999999999999,1.666666666666665,20.000000000000004,1.4999999999999993,66.66666666666666
25,3,5.0,10.0,15.0,5.0,30,26.666666666666668,9.999999999999838,0.33333333333332793,50.00000000000012,1.0909090909090895,73.33333333333333
25,3,7.0,10.0,15.0,5.0,38,26.31578947368421,9.999999999999751,0.26315789473683554,50.00000000000016,1.0714285714285696,73.68421052631578
100,7,7.0,5.0,15.0,7.0,51,33.33333333333333,9.376376411532556,0.18385051787318737,92.0000000000002,1.0393965395442544,66.66666666666666
100,3,5.0,7.0,10.0,7.0,40,42.5,9.000000000000028,0.2250000000000007,54.000000000000064,1.0559006211180126,57.49999999999999
50,5,3.0,7.0,10.0,7.0,6,50.0,9.00000000000001,1.5000000000000018,14.000000000000007,1.4285714285714288,50.0
100,5,5.0,10.0,10.0,7.0,6,50.0,8.999999999999996,1.4999999999999993,14.000000000000007,1.428571428571428,50.0
25,5,7.0,10.0,10.0,3.0,36,25.0,8.999999999999982,0.2499999999999995,36.00000000000004,1.111111111111111,75.0
25,7,7.0,10.0,15.0,3.0,27,18.51851851851852,8.999999999999899,0.3333333333333296,30.00000000000002,1.1363636363636347,81.48148148148148
25,3,5.0,10.0,15.0,3.0,33,18.181818181818183,8.999999999999876,0.27272727272726893,33.00000000000007,1.1111111111111094,81.81818181818183
25,7,5.0,7.0,15.0,5.0,41,26.82926829268293,8.894862812842025,0.2169478734839518,40.000000000000085,1.0592990854189466,73.17073170731707
50,3,7.0,7.0,15.0,3.0,73,17.80821917808219,8.645719201961775,0.11843450961591473,51.00000000000009,1.0480317733442321,82.1917808219178
50,7,5.0,7.0,10.0,7.0,28,42.857142857142854,8.000000000000037,0.28571428571428703,35.00000000000003,1.0714285714285718,57.14285714285714
50,7,5.0,10.0,7.0,3.0,4,50.0,8.00000000000002,2.000000000000005,6.000000000000005,2.3333333333333353,50.0
100,3,7.0,7.0,10.0,7.0,45,42.22222222222222,8.000000000000018,0.17777777777777817,61.000000000000064,1.043956043956044,57.77777777777777
50,3,3.0,7.0,7.0,3.0,24,33.33333333333333,8.000000000000014,0.3333333333333339,21.000000000000036,1.1666666666666667,66.66666666666666
100,3,3.0,10.0,7.0,3.0,4,50.0,8.00000000000001,2.0000000000000027,3.000000000000007,2.3333333333333344,50.0
50,5,5.0,7.0,7.0,3.0,44,31.818181818181817,8.000000000000004,0.1818181818181819,17.00000000000002,1.088888888888889,68.18181818181817
100,5,5.0,10.0,10.0,3.0,6,33.33333333333333,8.0,1.3333333333333333,6.000000000000016,1.6666666666666659,66.66666666666666
100,5,3.0,5.0,7.0,5.0,20,45.0,7.999999999999999,0.39999999999999997,20.00000000000003,1.1454545454545453,55.00000000000001
25,7,3.0,5.0,10.0,3.0,32,25.0,7.999999999999997,0.24999999999999992,27.00000000000002,1.111111111111111,75.0
50,5,3.0,7.0,10.0,3.0,6,33.33333333333333,7.9999999999999964,1.3333333333333328,6.0000000000000036,1.6666666666666659,66.66666666666666
25,5,3.0,10.0,15.0,7.0,2,50.0,7.999999999999996,3.999999999999998,7.000000000000001,2.142857142857142,50.0
25,3,5.0,10.0,7.0,5.0,32,43.75,7.999999999999967,0.24999999999999897,40.000000000000036,1.0888888888888886,56.25
50,5,5.0,5.0,7.0,3.0,104,30.76923076923077,7.999999999999953,0.07692307692307647,65.00000000000014,1.0370370370370368,69.23076923076923
100,5,5.0,5.0,7.0,7.0,53,50.943396226415096,7.00000000000005,0.13207547169811415,35.000000000000036,1.0384615384615388,49.056603773584904
100,3,3.0,5.0,7.0,7.0,39,51.28205128205128,7.000000000000011,0.17948717948717977,42.00000000000003,1.0526315789473686,48.717948717948715
50,7,7.0,7.0,7.0,5.0,49,42.857142857142854,7.000000000000008,0.14285714285714302,43.00000000000004,1.0500000000000003,57.14285714285714
25,3,3.0,5.0,7.0,7.0,87,50.57471264367817,7.000000000000007,0.08045977011494261,63.00000000000007,1.0232558139534884,49.42528735632184
100,5,3.0,5.0,7.0,7.0,19,52.63157894736842,7.000000000000007,0.3684210526315793,21.000000000000018,1.1111111111111112,47.368421052631575
25,5,3.0,10.0,10.0,3.0,2,50.0,7.000000000000002,3.500000000000001,2.9999999999999982,3.333333333333335,50.0
50,3,7.0,5.0,7.0,7.0,101,50.495049504950494,6.999999999999983,0.06930693069306915,105.00000000000013,1.02,49.504950495049506
50,5,5.0,7.0,7.0,5.0,42,42.857142857142854,6.000000000000038,0.14285714285714377,28.00000000000002,1.0500000000000003,57.14285714285714
50,7,5.0,10.0,10.0,7.0,4,50.0,6.000000000000013,1.5000000000000033,14.000000000000007,1.4285714285714293,50.0
100,7,5.0,10.0,10.0,7.0,4,50.0,6.000000000000007,1.5000000000000018,14.000000000000007,1.4285714285714288,50.0
100,7,5.0,10.0,15.0,3.0,4,25.0,5.999999999999974,1.4999999999999936,9.000000000000007,1.6666666666666632,75.0
50,7,5.0,10.0,15.0,3.0,4,25.0,5.99999999999997,1.4999999999999925,9.000000000000014,1.6666666666666623,75.0
100,3,3.0,10.0,15.0,3.0,4,25.0,5.999999999999967,1.4999999999999918,9.000000000000012,1.6666666666666619,75.0
25,5,5.0,5.0,15.0,7.0,83,32.53012048192771,5.938087883922127,0.07154322751713406,136.00000000000023,1.0151481833773524,67.46987951807229
50,3,7.0,5.0,15.0,3.0,122,17.21311475409836,5.645719201961535,0.04627638690132406,75.00000000000041,1.018632736640137,82.78688524590164
50,5,7.0,7.0,10.0,5.0,59,33.89830508474576,5.000000000000053,0.0847457627118653,50.00000000000005,1.025641025641026,66.10169491525424
25,3,3.0,5.0,7.0,3.0,115,30.434782608695656,5.0000000000000355,0.04347826086956553,59.00000000000007,1.0208333333333335,69.56521739130434
50,3,3.0,7.0,10.0,5.0,23,34.78260869565217,5.0000000000000036,0.21739130434782625,30.000000000000018,1.0666666666666667,65.21739130434783
100,5,3.0,5.0,10.0,3.0,20,25.0,5.0000000000000036,0.25000000000000017,20.000000000000014,1.1111111111111112,75.0
25,5,3.0,10.0,10.0,5.0,2,50.0,4.999999999999994,2.499999999999997,5.000000000000006,1.9999999999999976,50.0
25,7,3.0,7.0,10.0,5.0,5,40.0,4.999999999999985,0.999999999999997,10.000000000000014,1.3333333333333317,60.0
25,5,7.0,10.0,7.0,5.0,35,42.857142857142854,4.999999999999984,0.1428571428571424,40.000000000000036,1.0499999999999996,57.14285714285714
25,5,7.0,10.0,10.0,5.0,35,34.285714285714285,4.999999999999971,0.14285714285714202,60.00000000000005,1.043478260869565,65.71428571428571
25,7,7.0,7.0,10.0,5.0,77,33.76623376623377,4.999999999999961,0.06493506493506443,80.00000000000006,1.0196078431372548,66.23376623376623
25,7,5.0,10.0,15.0,5.0,11,27.27272727272727,4.999999999999954,0.45454545454545037,20.0,1.124999999999999,72.72727272727273
25,3,3.0,5.0,10.0,7.0,77,41.55844155844156,4.999999999999952,0.06493506493506432,86.0000000000001,1.0158730158730156,58.44155844155844
50,7,5.0,7.0,7.0,5.0,28,42.857142857142854,4.000000000000034,0.14285714285714407,17.999999999999996,1.0500000000000005,57.14285714285714
50,7,5.0,10.0,7.0,5.0,4,50.0,4.00000000000003,1.0000000000000075,9.999999999999995,1.4000000000000032,50.0
25,5,5.0,10.0,7.0,3.0,22,31.818181818181817,4.000000000000007,0.18181818181818213,15.000000000000007,1.088888888888889,68.18181818181817
25,5,3.0,10.0,7.0,3.0,2,50.0,3.999999999999996,1.999999999999998,2.9999999999999987,2.3333333333333326,50.0
50,7,3.0,7.0,10.0,3.0,3,33.33333333333333,3.9999999999999942,1.3333333333333315,3.000000000000008,1.666666666666665,66.66666666666666
100,3,5.0,10.0,15.0,7.0,12,33.33333333333333,3.9999999999998863,0.3333333333333239,34.000000000000064,1.0714285714285694,66.66666666666666
50,3,5.0,7.0,15.0,5.0,54,25.925925925925924,3.8948628128419145,0.07212708912670213,80.00000000000017,1.0194743140642095,74.07407407407408
100,3,3.0,7.0,7.0,3.0,19,31.57894736842105,3.0000000000000253,0.1578947368421066,12.000000000000007,1.0769230769230773,68.42105263157895
50,7,3.0,5.0,7.0,3.0,19,31.57894736842105,3.00000000000001,0.1578947368421058,17.000000000000032,1.0769230769230773,68.42105263157895
25,5,3.0,10.0,10.0,7.0,2,50.0,2.999999999999999,1.4999999999999996,7.000000000000001,1.4285714285714284,50.0
25,7,3.0,7.0,15.0,3.0,5,20.0,2.9999999999999893,0.5999999999999979,8.999999999999993,1.2499999999999991,80.0
25,5,3.0,7.0,10.0,3.0,12,25.0,2.999999999999984,0.24999999999999867,18.000000000000014,1.1111111111111103,75.0
50,7,3.0,5.0,10.0,7.0,19,42.10526315789473,2.9999999999999796,0.1578947368421042,22.000000000000014,1.0389610389610386,57.89473684210527
100,5,5.0,7.0,15.0,3.0,29,17.24137931034483,2.999999999999873,0.10344827586206459,33.00000000000008,1.041666666666665,82.75862068965517
100,7,7.0,7.0,15.0,5.0,30,26.666666666666668,2.376376411532757,0.07921254705109189,55.0000000000001,1.021603421923025,73.33333333333333
50,5,7.0,5.0,7.0,5.0,110,41.81818181818181,2.000000000000054,0.018181818181818674,99.00000000000006,1.00625,58.18181818181818
50,5,3.0,7.0,7.0,3.0,6,33.33333333333333,1.999999999999997,0.3333333333333328,6.000000000000002,1.1666666666666663,66.66666666666666
25,5,3.0,10.0,7.0,5.0,2,50.0,1.9999999999999885,0.9999999999999942,5.000000000000006,1.3999999999999972,50.0
25,3,3.0,10.0,7.0,3.0,13,30.76923076923077,1.0000000000000218,0.07692307692307859,11.999999999999998,1.0370370370370379,69.23076923076923
100,5,5.0,7.0,10.0,7.0,29,41.37931034482759,1.000000000000016,0.03448275862069021,33.00000000000004,1.008403361344538,58.620689655172406
100,3,3.0,7.0,10.0,3.0,17,23.52941176470588,1.0000000000000022,0.05882352941176484,21.000000000000025,1.0256410256410255,76.47058823529412
25,5,3.0,7.0,10.0,7.0,12,41.66666666666667,0.9999999999999982,0.08333333333333319,35.00000000000003,1.0204081632653061,58.333333333333336
50,7,3.0,7.0,7.0,3.0,3,33.33333333333333,0.999999999999996,0.333333333333332,3.000000000000008,1.1666666666666659,66.66666666666666
25,3,5.0,10.0,7.0,3.0,33,30.303030303030305,0.999999999999972,0.030303030303029454,24.00000000000003,1.014492753623188,69.6969696969697
100,5,7.0,7.0,7.0,7.0,44,50.0,4.707345624410664e-14,1.0698512782751509e-15,56.00000000000003,1.0000000000000002,50.0
100,7,7.0,7.0,7.0,7.0,34,50.0,2.842170943040401e-14,8.359326303060002e-16,42.000000000000014,1.0000000000000002,50.0
50,7,5.0,10.0,7.0,7.0,4,50.0,1.687538997430238e-14,4.218847493575595e-15,14.000000000000007,1.0000000000000013,50.0
100,7,5.0,7.0,7.0,7.0,20,50.0,9.769962616701378e-15,4.884981308350689e-16,14.000000000000014,1.0000000000000002,50.0
50,3,3.0,7.0,7.0,7.0,22,50.0,6.217248937900877e-15,2.8260222445003984e-16,28.00000000000004,1.0,50.0
50,5,3.0,7.0,10.0,5.0,6,33.33333333333333,8.881784197001252e-16,1.4802973661668753e-16,10.000000000000004,1.0,66.66666666666666
50,7,3.0,7.0,10.0,5.0,3,33.33333333333333,0.0,0.0,5.000000000000003,1.0,66.66666666666666
25,5,3.0,10.0,7.0,7.0,2,50.0,-6.217248937900877e-15,-3.1086244689504383e-15,7.000000000000001,0.9999999999999991,50.0
25,5,3.0,7.0,10.0,5.0,12,33.33333333333333,-8.881784197001252e-15,-7.401486830834377e-16,30.000000000000014,0.9999999999999998,66.66666666666666
50,5,3.0,7.0,7.0,7.0,6,50.0,-9.769962616701378e-15,-1.6283271027835629e-15,14.000000000000012,0.9999999999999997,50.0
50,7,5.0,10.0,15.0,5.0,4,25.0,-1.509903313490213e-14,-3.774758283725532e-15,14.999999999999996,0.999999999999999,75.0
100,7,5.0,10.0,15.0,5.0,4,25.0,-1.865174681370263e-14,-4.6629367034256575e-15,15.0,0.9999999999999987,75.0
100,3,3.0,10.0,15.0,5.0,4,25.0,-1.9539925233402755e-14,-4.884981308350689e-15,15.0,0.9999999999999987,75.0
25,5,3.0,7.0,15.0,3.0,12,16.666666666666664,-4.1300296516055823e-14,-3.4416913763379853e-15,24.000000000000025,0.9999999999999986,83.33333333333334
100,5,5.0,10.0,15.0,3.0,6,16.666666666666664,-4.218847493575595e-14,-7.031412489292658e-15,15.000000000000023,0.9999999999999971,83.33333333333334
25,7,5.0,10.0,15.0,3.0,12,16.666666666666664,-4.973799150320701e-14,-4.144832625267251e-15,18.00000000000001,0.9999999999999983,83.33333333333334
100,3,5.0,10.0,15.0,5.0,12,25.0,-6.572520305780927e-14,-5.477100254817439e-15,40.00000000000002,0.9999999999999986,75.0
25,5,7.0,10.0,15.0,3.0,36,16.666666666666664,-1.5765166949677223e-13,-4.379213041577006e-15,42.0000000000001,0.9999999999999982,83.33333333333334
25,7,3.0,7.0,10.0,7.0,5,40.0,-1.0000000000000107,-0.20000000000000212,14.000000000000014,0.9523809523809518,60.0
25,7,7.0,10.0,7.0,3.0,27,29.629629629629626,-1.0000000000000147,-0.03703703703703758,21.000000000000014,0.9824561403508769,70.37037037037037
50,3,7.0,7.0,15.0,5.0,67,25.37313432835821,-1.3542807980382818,-0.020213146239377342,60.00000000000027,0.994582876807847,74.6268656716418
100,7,3.0,7.0,7.0,3.0,4,25.0,-1.9999999999999978,-0.49999999999999944,6.000000000000011,0.7777777777777783,75.0
25,7,7.0,10.0,10.0,7.0,27,40.74074074074074,-2.0000000000000266,-0.07407407407407506,39.00000000000003,0.9821428571428569,59.25925925925925
50,3,5.0,5.0,7.0,3.0,124,29.838709677419356,-2.0000000000000844,-0.016129032258065196,74.00000000000016,0.9923371647509575,70.16129032258065
50,3,7.0,7.0,15.0,7.0,59,32.20338983050847,-2.0619121160776936,-0.03494766298436769,80.00000000000017,0.9926360281568655,67.79661016949152
50,7,5.0,5.0,15.0,7.0,56,32.142857142857146,-2.1051371871582,-0.03759173548496786,74.00000000000011,0.9920859504242174,67.85714285714286
100,7,5.0,5.0,15.0,5.0,35,25.71428571428571,-2.623623588467293,-0.07496067395620837,70.00000000000011,0.9798182800887132,74.28571428571429
100,5,5.0,5.0,15.0,5.0,47,25.53191489361702,-2.623623588467348,-0.05582177847802868,95.00000000000014,0.985007865208758,74.46808510638297
100,7,3.0,5.0,7.0,3.0,11,27.27272727272727,-2.9999999999999853,-0.2727272727272714,12.000000000000018,0.8750000000000007,72.72727272727273
50,7,3.0,7.0,7.0,5.0,3,33.33333333333333,-2.9999999999999982,-0.9999999999999994,5.000000000000003,0.7000000000000002,66.66666666666666
25,7,7.0,10.0,7.0,5.0,27,40.74074074074074,-3.0000000000000266,-0.1111111111111121,35.00000000000002,0.9624999999999997,59.25925925925925
50,3,5.0,7.0,7.0,3.0,61,29.508196721311474,-3.000000000000028,-0.049180327868852916,30.000000000000057,0.9767441860465115,70.49180327868852
50,3,3.0,5.0,7.0,3.0,71,29.577464788732392,-3.0000000000000524,-0.0422535211267613,60.00000000000013,0.9799999999999996,70.4225352112676
100,7,5.0,7.0,15.0,3.0,19,15.789473684210526,-3.000000000000098,-0.15789473684211042,33.00000000000003,0.9374999999999981,84.21052631578947
50,5,3.0,5.0,15.0,3.0,31,16.129032258064516,-3.0000000000001386,-0.09677419354839156,42.00000000000004,0.9615384615384598,83.87096774193549
50,3,5.0,7.0,15.0,3.0,59,16.94915254237288,-3.1051371871580593,-0.0526294438501366,66.00000000000017,0.9788766177744349,83.05084745762711
50,5,7.0,10.0,7.0,3.0,18,27.77777777777778,-3.999999999999995,-0.22222222222222196,14.000000000000014,0.8974358974358977,72.22222222222221
50,7,3.0,7.0,10.0,7.0,3,33.33333333333333,-4.000000000000005,-1.333333333333335,7.000000000000008,0.7142857142857141,66.66666666666666
25,7,3.0,7.0,15.0,5.0,5,20.0,-5.000000000000048,-1.0000000000000095,15.000000000000025,0.749999999999998,80.0
50,3,7.0,7.0,7.0,3.0,75,29.333333333333332,-5.00000000000005,-0.06666666666666733,38.000000000000085,0.9685534591194965,70.66666666666667
25,5,5.0,10.0,15.0,5.0,21,23.809523809523807,-5.0000000000000995,-0.23809523809524283,35.000000000000014,0.9374999999999988,76.19047619047619
25,5,7.0,10.0,15.0,5.0,33,24.242424242424242,-5.000000000000194,-0.15151515151515738,65.00000000000013,0.9599999999999984,75.75757575757575
25,7,7.0,7.0,15.0,5.0,72,25.0,-5.353562226340427,-0.07435503092139482,80.00000000000023,0.9801719917542947,75.0
50,5,3.0,7.0,7.0,5.0,6,33.33333333333333,-5.999999999999999,-0.9999999999999999,10.000000000000004,0.7000000000000001,66.66666666666666
50,7,5.0,10.0,15.0,7.0,4,25.0,-6.000000000000039,-1.5000000000000098,21.00000000000002,0.7142857142857127,75.0
100,7,5.0,10.0,15.0,7.0,4,25.0,-6.00000000000004,-1.50000000000001,21.00000000000002,0.7142857142857126,75.0
100,3,3.0,10.0,15.0,7.0,4,25.0,-6.00000000000005,-1.5000000000000124,21.00000000000003,0.7142857142857124,75.0
50,3,7.0,5.0,7.0,3.0,142,29.577464788732392,-6.000000000000109,-0.04225352112676133,78.0000000000002,0.9799999999999999,70.4225352112676
50,5,5.0,7.0,15.0,3.0,42,16.666666666666664,-6.105137187157972,-0.14536040921804694,57.00000000000005,0.9418558363127812,83.33333333333334
50,5,7.0,5.0,15.0,3.0,108,16.666666666666664,-6.354280798038413,-0.058835933315170494,87.00000000000034,0.9764656266739318,83.33333333333334
100,3,7.0,7.0,7.0,7.0,49,48.97959183673469,-6.999999999999948,-0.1428571428571418,56.000000000000014,0.9600000000000004,51.02040816326531
100,5,5.0,7.0,7.0,7.0,31,48.38709677419355,-6.999999999999965,-0.2258064516129021,28.00000000000003,0.9375000000000003,51.61290322580645
100,7,3.0,5.0,10.0,3.0,11,18.181818181818183,-6.9999999999999964,-0.636363636363636,21.00000000000002,0.7407407407407411,81.81818181818183
50,3,3.0,7.0,7.0,5.0,23,39.130434782608695,-7.0,-0.30434782608695654,30.00000000000002,0.9,60.86956521739131
50,7,3.0,7.0,7.0,7.0,3,33.33333333333333,-7.0000000000000036,-2.3333333333333344,7.000000000000008,0.5,66.66666666666666
50,7,3.0,5.0,7.0,7.0,19,47.368421052631575,-7.000000000000004,-0.3684210526315792,28.000000000000014,0.9000000000000001,52.63157894736842
50,7,7.0,7.0,7.0,7.0,47,48.93617021276596,-7.000000000000015,-0.14893617021276628,49.00000000000006,0.9583333333333331,51.06382978723404
100,3,7.0,7.0,15.0,5.0,44,25.0,-7.2055531260039,-0.16376257104554318,95.0000000000001,0.9563299810545218,75.0
100,5,7.0,7.0,15.0,5.0,40,25.0,-7.623623588467257,-0.19059058971168144,90.0000000000001,0.9491758427435516,75.0
100,5,3.0,7.0,7.0,3.0,6,16.666666666666664,-8.0,-1.3333333333333333,12.000000000000012,0.46666666666666723,83.33333333333334
100,7,3.0,7.0,7.0,5.0,4,25.0,-8.000000000000002,-2.0000000000000004,10.000000000000012,0.4666666666666672,75.0
25,5,7.0,10.0,7.0,3.0,36,27.77777777777778,-8.000000000000037,-0.22222222222222326,28.00000000000005,0.8974358974358971,72.22222222222221
25,7,3.0,5.0,7.0,5.0,33,39.39393939393939,-9.0,-0.2727272727272727,28.000000000000018,0.91,60.60606060606061
50,7,3.0,7.0,15.0,3.0,3,0.0,-9.000000000000007,-3.000000000000002,9.000000000000007,0.0,100.0
50,5,5.0,7.0,15.0,7.0,38,31.57894736842105,-9.061912116077554,-0.2384713714757251,82.00000000000011,0.9502092740874859,68.42105263157895
50,7,5.0,5.0,15.0,3.0,67,16.417910447761194,-9.10513718715811,-0.13589756995758373,60.00000000000021,0.9458027548383446,83.5820895522388
100,3,7.0,5.0,15.0,7.0,60,31.666666666666664,-9.205553126004112,-0.15342588543340188,113.00000000000023,0.9679249019999856,68.33333333333333
100,3,3.0,7.0,10.0,5.0,17,29.411764705882355,-10.0,-0.5882352941176471,25.000000000000043,0.8333333333333335,70.58823529411765
100,5,5.0,10.0,15.0,5.0,6,16.666666666666664,-10.000000000000028,-1.6666666666666714,25.000000000000007,0.599999999999999,83.33333333333334
50,3,7.0,5.0,7.0,5.0,122,40.98360655737705,-10.000000000000032,-0.08196721311475436,115.00000000000011,0.9722222222222222,59.01639344262295
100,5,3.0,5.0,10.0,5.0,20,30.0,-10.000000000000032,-0.5000000000000016,30.000000000000046,0.8571428571428568,70.0
25,7,7.0,10.0,15.0,5.0,26,23.076923076923077,-10.00000000000015,-0.38461538461539035,55.0000000000001,0.8999999999999987,76.92307692307693
100,5,7.0,5.0,15.0,7.0,57,31.57894736842105,-10.623623588467485,-0.18637936120118395,113.00000000000023,0.9610856278810715,68.42105263157895
100,3,3.0,7.0,7.0,5.0,19,36.84210526315789,-10.999999999999968,-0.578947368421051,20.000000000000025,0.8166666666666673,63.1578947368421
50,7,3.0,5.0,7.0,5.0,19,36.84210526315789,-10.999999999999986,-0.5789473684210519,27.000000000000018,0.816666666666667,63.1578947368421
50,5,7.0,7.0,15.0,5.0,57,24.561403508771928,-11.35428079803821,-0.19919790873751247,70.00000000000021,0.9471893916370316,75.43859649122807
100,7,3.0,7.0,10.0,3.0,4,0.0,-12.000000000000018,-3.0000000000000044,12.000000000000018,0.0,100.0
100,7,3.0,7.0,15.0,3.0,4,0.0,-12.000000000000018,-3.0000000000000044,12.000000000000018,0.0,100.0
25,5,5.0,10.0,15.0,3.0,22,13.636363636363635,-12.000000000000078,-0.545454545454549,21.000000000000014,0.7894736842105251,86.36363636363636
50,5,7.0,7.0,15.0,7.0,51,31.372549019607842,-12.06191211607768,-0.2365080807074055,84.00000000000026,0.9507677056486625,68.62745098039215
50,5,5.0,5.0,15.0,3.0,86,16.27906976744186,-12.105137187158212,-0.14075740915300247,90.00000000000027,0.943957698207601,83.72093023255815
50,3,5.0,5.0,15.0,3.0,104,16.346153846153847,-12.105137187158286,-0.11639554987652198,105.0000000000004,0.9536201640338764,83.65384615384616
50,5,7.0,7.0,15.0,3.0,62,16.129032258064516,-12.354280798038182,-0.19926259351674488,51.000000000000185,0.9208058923202681,83.87096774193549
25,7,3.0,7.0,15.0,7.0,5,20.0,-13.000000000000037,-2.6000000000000076,21.000000000000018,0.5357142857142848,80.0
100,3,5.0,7.0,7.0,7.0,42,47.61904761904761,-13.999999999999966,-0.33333333333333254,49.000000000000014,0.9090909090909095,52.38095238095239
100,7,5.0,7.0,10.0,7.0,19,36.84210526315789,-13.999999999999993,-0.7368421052631575,32.00000000000003,0.8333333333333335,63.1578947368421
100,5,3.0,7.0,7.0,7.0,6,33.33333333333333,-14.000000000000007,-2.3333333333333344,14.000000000000016,0.5000000000000002,66.66666666666666
100,7,3.0,7.0,7.0,7.0,4,25.0,-14.000000000000007,-3.5000000000000018,14.000000000000014,0.33333333333333376,75.0
50,7,5.0,7.0,7.0,7.0,28,46.42857142857143,-14.000000000000014,-0.5000000000000006,35.000000000000014,0.8666666666666667,53.57142857142857
50,5,5.0,7.0,7.0,7.0,40,47.5,-14.000000000000016,-0.3500000000000004,49.00000000000005,0.9047619047619047,52.5
100,5,3.0,5.0,10.0,7.0,19,36.84210526315789,-14.000000000000021,-0.736842105263159,30.00000000000003,0.8333333333333331,63.1578947368421
50,3,7.0,7.0,7.0,5.0,70,40.0,-14.000000000000039,-0.20000000000000057,61.00000000000006,0.9333333333333332,60.0
25,5,3.0,5.0,7.0,7.0,52,48.07692307692308,-14.00000000000006,-0.2692307692307704,56.000000000000085,0.9259259259259257,51.92307692307693
50,5,7.0,5.0,7.0,3.0,128,28.90625,-14.000000000000076,-0.1093750000000006,78.0000000000002,0.9487179487179486,71.09375
50,7,3.0,7.0,15.0,5.0,3,0.0,-15.00000000000001,-5.0000000000000036,15.00000000000001,0.0,100.0
100,7,3.0,5.0,15.0,3.0,11,9.090909090909092,-15.000000000000036,-1.3636363636363669,24.000000000000032,0.4999999999999993,90.9090909090909
25,7,7.0,10.0,10.0,5.0,27,29.629629629629626,-15.000000000000044,-0.5555555555555572,50.000000000000036,0.8421052631578945,70.37037037037037
50,7,3.0,5.0,15.0,3.0,17,11.76470588235294,-15.000000000000057,-0.8823529411764739,30.00000000000004,0.6666666666666657,88.23529411764706
100,3,3.0,7.0,15.0,3.0,17,11.76470588235294,-15.000000000000073,-0.8823529411764749,39.000000000000036,0.6666666666666653,88.23529411764706
25,5,5.0,10.0,15.0,7.0,21,28.57142857142857,-15.00000000000017,-0.7142857142857224,49.00000000000003,0.8571428571428557,71.42857142857143
50,7,5.0,7.0,15.0,3.0,27,14.814814814814813,-15.105137187157922,-0.5594495254502934,39.000000000000036,0.7810849683020593,85.18518518518519
25,7,5.0,5.0,15.0,5.0,78,24.358974358974358,-16.10513718715813,-0.20647611778407862,75.00000000000026,0.9454063146198031,75.64102564102564
100,3,3.0,7.0,10.0,7.0,17,35.294117647058826,-17.000000000000025,-1.0000000000000016,36.00000000000005,0.7792207792207791,64.70588235294117
100,7,5.0,7.0,15.0,5.0,18,22.22222222222222,-17.623623588467176,-0.9790901993592875,50.00000000000005,0.7482339487361834,77.77777777777779
100,5,3.0,7.0,7.0,5.0,6,16.666666666666664,-18.000000000000004,-3.0000000000000004,20.000000000000014,0.2800000000000004,83.33333333333334
50,5,3.0,7.0,15.0,3.0,6,0.0,-18.00000000000001,-3.0000000000000018,18.00000000000001,0.0,100.0
100,5,3.0,7.0,10.0,3.0,6,0.0,-18.00000000000002,-3.0000000000000036,18.000000000000018,0.0,100.0
100,5,3.0,7.0,15.0,3.0,6,0.0,-18.00000000000002,-3.0000000000000036,18.000000000000018,0.0,100.0
25,5,3.0,7.0,15.0,7.0,12,25.0,-18.000000000000068,-1.5000000000000056,49.000000000000036,0.7142857142857133,75.0
25,3,3.0,10.0,15.0,7.0,12,25.0,-18.0000000000001,-1.5000000000000082,35.00000000000004,0.7142857142857131,75.0
25,3,3.0,7.0,15.0,3.0,42,14.285714285714285,-18.000000000000142,-0.42857142857143193,42.00000000000011,0.833333333333332,85.71428571428571
25,5,3.0,5.0,15.0,3.0,54,14.814814814814813,-18.00000000000019,-0.3333333333333368,66.00000000000014,0.8695652173913031,85.18518518518519
100,3,5.0,5.0,15.0,7.0,55,30.909090909090907,-18.623623588467467,-0.3386113379721358,113.00000000000023,0.9299863774869646,69.0909090909091
50,5,7.0,7.0,7.0,5.0,59,38.983050847457626,-18.99999999999997,-0.3220338983050843,62.00000000000004,0.8944444444444447,61.016949152542374
100,7,3.0,5.0,7.0,5.0,11,27.27272727272727,-19.000000000000014,-1.7272727272727286,26.000000000000025,0.5250000000000002,72.72727272727273
25,3,3.0,7.0,15.0,7.0,31,29.03225806451613,-19.00000000000023,-0.6129032258064591,77.00000000000007,0.8766233766233753,70.96774193548387
100,7,7.0,7.0,15.0,7.0,30,30.0,-19.623623588467286,-0.6541207862822429,73.00000000000014,0.8665059619832158,70.0
50,5,3.0,7.0,15.0,7.0,6,16.666666666666664,-20.000000000000025,-3.3333333333333375,35.00000000000002,0.4285714285714282,83.33333333333334
100,7,3.0,7.0,10.0,5.0,4,0.0,-20.00000000000003,-5.000000000000007,20.00000000000003,0.0,100.0
100,7,3.0,7.0,15.0,5.0,4,0.0,-20.00000000000003,-5.000000000000007,20.00000000000003,0.0,100.0
25,7,3.0,5.0,10.0,5.0,31,29.03225806451613,-20.000000000000036,-0.6451612903225817,40.00000000000004,0.818181818181818,70.96774193548387
25,3,3.0,10.0,15.0,5.0,12,16.666666666666664,-20.00000000000004,-1.6666666666666698,35.000000000000036,0.5999999999999994,83.33333333333334
25,5,3.0,7.0,15.0,5.0,12,16.666666666666664,-20.000000000000053,-1.6666666666666712,40.000000000000014,0.5999999999999992,83.33333333333334
100,5,5.0,10.0,15.0,7.0,6,16.666666666666664,-20.000000000000064,-3.333333333333344,35.00000000000004,0.4285714285714275,83.33333333333334
100,5,3.0,5.0,15.0,5.0,20,20.0,-20.00000000000013,-1.0000000000000067,50.000000000000085,0.7499999999999986,80.0
100,3,3.0,7.0,7.0,7.0,19,42.10526315789473,-20.999999999999993,-1.1052631578947365,28.00000000000002,0.7272727272727275,57.89473684210527
100,7,3.0,5.0,7.0,7.0,11,36.36363636363637,-21.000000000000004,-1.9090909090909094,28.000000000000014,0.5714285714285716,63.63636363636363
50,5,7.0,7.0,7.0,7.0,55,47.27272727272727,-21.000000000000007,-0.38181818181818195,63.00000000000007,0.8965517241379312,52.72727272727272
50,7,3.0,7.0,15.0,7.0,3,0.0,-21.00000000000001,-7.0000000000000036,21.00000000000001,0.0,100.0
25,3,3.0,10.0,15.0,3.0,13,7.6923076923076925,-21.000000000000032,-1.6153846153846179,21.000000000000032,0.41666666666666624,92.3076923076923
50,3,7.0,7.0,7.0,7.0,63,47.61904761904761,-21.00000000000005,-0.33333333333333415,63.00000000000007,0.909090909090909,52.38095238095239
50,5,7.0,7.0,7.0,3.0,64,26.5625,-22.000000000000025,-0.3437500000000004,37.00000000000008,0.8439716312056738,73.4375
100,5,5.0,7.0,15.0,5.0,27,22.22222222222222,-22.62362358846721,-0.8379119847580448,65.00000000000009,0.7845369182050743,77.77777777777779
100,3,5.0,7.0,15.0,5.0,39,23.076923076923077,-22.62362358846726,-0.5800929125248016,90.00000000000013,0.8491758427435516,76.92307692307693
100,5,3.0,7.0,10.0,7.0,6,16.666666666666664,-25.00000000000003,-4.166666666666671,28.00000000000003,0.28571428571428553,83.33333333333334
100,7,3.0,5.0,10.0,5.0,11,18.181818181818183,-25.000000000000032,-2.2727272727272756,35.00000000000006,0.4444444444444444,81.81818181818183
50,5,3.0,5.0,15.0,5.0,29,20.689655172413794,-25.000000000000146,-0.8620689655172464,65.00000000000006,0.7826086956521728,79.3103448275862
25,5,3.0,5.0,15.0,5.0,45,22.22222222222222,-25.000000000000192,-0.5555555555555598,85.00000000000011,0.8571428571428561,77.77777777777779
100,7,3.0,5.0,10.0,7.0,11,27.27272727272727,-26.000000000000014,-2.363636363636365,39.00000000000003,0.5357142857142859,72.72727272727273
50,5,3.0,5.0,15.0,7.0,29,27.586206896551722,-27.000000000000213,-0.931034482758628,91.00000000000007,0.8163265306122436,72.41379310344827
50,3,3.0,5.0,15.0,7.0,51,29.411764705882355,-27.000000000000334,-0.5294117647058889,102.00000000000013,0.8928571428571417,70.58823529411765
100,7,3.0,7.0,10.0,7.0,4,0.0,-28.00000000000003,-7.000000000000007,28.000000000000025,0.0,100.0
100,7,3.0,7.0,15.0,7.0,4,0.0,-28.00000000000003,-7.000000000000007,28.000000000000025,0.0,100.0
25,7,5.0,5.0,15.0,7.0,66,30.303030303030305,-28.105137187158228,-0.4258354119266398,100.00000000000017,0.9127169652572726,69.6969696969697
50,5,3.0,7.0,15.0,5.0,6,0.0,-30.000000000000018,-5.000000000000003,30.00000000000002,0.0,100.0
100,5,3.0,7.0,10.0,5.0,6,0.0,-30.00000000000003,-5.000000000000004,30.00000000000003,0.0,100.0
100,5,3.0,7.0,15.0,5.0,6,0.0,-30.00000000000003,-5.000000000000004,30.00000000000003,0.0,100.0
100,3,3.0,5.0,15.0,5.0,34,20.588235294117645,-30.000000000000213,-0.8823529411764769,90.00000000000011,0.7777777777777763,79.41176470588235
50,3,3.0,5.0,15.0,5.0,54,22.22222222222222,-30.000000000000274,-0.5555555555555606,85.0000000000001,0.8571428571428559,77.77777777777779
50,3,3.0,7.0,15.0,3.0,23,8.695652173913043,-33.00000000000006,-1.4347826086956545,57.00000000000004,0.4761904761904757,91.30434782608695
100,3,3.0,5.0,15.0,7.0,33,27.27272727272727,-33.000000000000256,-1.0000000000000078,81.00000000000017,0.8035714285714272,72.72727272727273
25,7,3.0,5.0,7.0,7.0,31,41.935483870967744,-35.00000000000006,-1.129032258064518,49.00000000000008,0.7222222222222222,58.06451612903226
100,7,3.0,5.0,15.0,5.0,11,9.090909090909092,-35.00000000000007,-3.1818181818181883,40.00000000000006,0.2999999999999995,90.9090909090909
50,7,5.0,7.0,15.0,5.0,26,19.230769230769234,-36.10513718715792,-1.388659122582997,45.00000000000013,0.6561415505984961,80.76923076923077
50,3,3.0,7.0,15.0,7.0,21,23.809523809523807,-37.000000000000114,-1.7619047619047674,75.00000000000011,0.6696428571428564,76.19047619047619
25,7,3.0,5.0,15.0,3.0,31,9.67741935483871,-39.00000000000009,-1.2580645161290351,54.00000000000008,0.535714285714285,90.32258064516128
50,7,3.0,5.0,15.0,5.0,16,12.5,-40.00000000000007,-2.5000000000000044,45.00000000000005,0.42857142857142805,87.5
25,3,3.0,7.0,15.0,5.0,36,19.444444444444446,-40.00000000000013,-1.1111111111111147,80.00000000000009,0.724137931034482,80.55555555555556
100,5,3.0,7.0,15.0,7.0,6,0.0,-42.000000000000036,-7.000000000000006,42.000000000000036,0.0,100.0
50,3,3.0,5.0,15.0,3.0,62,12.903225806451612,-42.00000000000028,-0.6774193548387142,93.00000000000026,0.7407407407407394,87.09677419354838
100,3,7.0,7.0,15.0,7.0,43,27.906976744186046,-44.20555312600399,-1.0280361192093952,122.0000000000002,0.796287773612885,72.09302325581395
100,3,3.0,7.0,15.0,5.0,17,11.76470588235294,-45.00000000000007,-2.647058823529416,65.00000000000004,0.3999999999999993,88.23529411764706
100,5,3.0,5.0,15.0,7.0,19,21.052631578947366,-45.000000000000114,-2.368421052631585,69.00000000000006,0.5714285714285706,78.94736842105263
25,3,3.0,5.0,15.0,3.0,99,14.14141414141414,-45.00000000000035,-0.4545454545454581,108.00000000000024,0.8235294117647047,85.85858585858585
100,7,5.0,7.0,15.0,7.0,18,22.22222222222222,-45.623623588467204,-2.5346457549148447,70.00000000000007,0.5344528205258453,77.77777777777779
100,5,7.0,7.0,15.0,7.0,40,27.500000000000004,-45.623623588467346,-1.1405905897116837,122.0000000000002,0.775253085771097,72.5
100,7,5.0,5.0,15.0,7.0,34,26.47058823529412,-47.62362358846731,-1.4006948114255091,103.00000000000011,0.7278650080659013,73.52941176470588
50,3,3.0,7.0,15.0,5.0,22,13.636363636363635,-50.00000000000009,-2.272727272727277,70.00000000000009,0.4736842105263152,86.36363636363636
100,5,5.0,5.0,15.0,7.0,44,27.27272727272727,-51.623623588467375,-1.1732641724651676,130.00000000000017,0.7695373946943423,72.72727272727273
100,3,5.0,7.0,15.0,7.0,38,26.31578947368421,-53.623623588467346,-1.4111479891701932,115.0000000000002,0.7264100837323096,73.68421052631578
100,7,3.0,5.0,15.0,7.0,11,9.090909090909092,-55.000000000000064,-5.000000000000006,56.00000000000004,0.21428571428571402,90.9090909090909
50,7,5.0,7.0,15.0,7.0,26,23.076923076923077,-56.10513718715799,-2.157889891813769,80.00000000000018,0.599249020091729,76.92307692307693
25,5,3.0,5.0,10.0,7.0,48,33.33333333333333,-64.00000000000011,-1.3333333333333357,103.00000000000011,0.7142857142857141,66.66666666666666
100,5,5.0,7.0,15.0,7.0,27,22.22222222222222,-64.62362358846725,-2.393467540313602,103.00000000000013,0.5603835130036244,77.77777777777779
25,7,3.0,5.0,10.0,7.0,29,27.586206896551722,-67.0000000000001,-2.3103448275862104,87.00000000000011,0.5442176870748298,72.41379310344827
50,7,3.0,5.0,15.0,7.0,16,12.5,-68.00000000000009,-4.250000000000005,68.00000000000009,0.3061224489795915,87.5
100,3,3.0,7.0,15.0,7.0,17,11.76470588235294,-75.00000000000014,-4.411764705882361,91.00000000000011,0.2857142857142851,88.23529411764706
25,3,3.0,5.0,15.0,5.0,75,20.0,-75.00000000000028,-1.0000000000000038,150.0000000000002,0.7499999999999992,80.0
25,7,3.0,5.0,15.0,5.0,28,10.714285714285714,-80.00000000000013,-2.8571428571428616,95.00000000000014,0.3599999999999995,89.28571428571429
25,5,3.0,5.0,15.0,7.0,43,23.25581395348837,-81.00000000000031,-1.8837209302325655,142.00000000000026,0.6493506493506483,76.74418604651163
25,3,3.0,5.0,15.0,7.0,63,25.396825396825395,-89.00000000000047,-1.4126984126984201,159.00000000000037,0.7294832826747708,74.60317460317461
25,7,3.0,5.0,15.0,7.0,27,11.11111111111111,-123.00000000000018,-4.5555555555555625,138.0000000000002,0.26785714285714246,88.88888888888889
