ma,half_close,take_profit,stop_loss,trades,win_rate,total_profit,avg_profit,max_dd,profit_factor,sl_rate
50,1.5,1.5,1.5,584,51.71232876712328,30.000000000003094,0.05136986301370393,38.99999999999942,1.0709219858156105,48.28767123287671
50,2.0,1.5,1.5,584,51.71232876712328,30.000000000003094,0.05136986301370393,38.99999999999942,1.0709219858156105,48.28767123287671
50,1.5,2.0,1.5,562,38.79003558718861,25.000000000003237,0.04448398576513032,37.499999999999375,1.0608272506082808,48.754448398576514
50,1.5,1.5,1.0,644,41.45962732919254,23.499999999999925,0.036490683229813546,27.00000000000011,1.062334217506631,58.54037267080745
50,2.0,1.5,1.0,644,41.45962732919254,23.499999999999925,0.036490683229813546,27.00000000000011,1.062334217506631,58.54037267080745
50,1.5,1.5,2.0,560,58.03571428571429,17.499999999999737,0.03124999999999953,43.00000000000008,1.0372340425531907,41.964285714285715
50,2.0,1.5,2.0,560,58.03571428571429,17.499999999999737,0.03124999999999953,43.00000000000008,1.0372340425531907,41.964285714285715
50,2.0,2.0,1.5,540,43.51851851851852,12.500000000003547,0.023148148148154718,36.9999999999994,1.0273224043715925,56.481481481481474
50,1.5,2.0,1.0,625,30.880000000000003,11.999999999999952,0.019199999999999922,31.00000000000011,1.032085561497326,59.84
50,2.0,2.0,2.0,516,50.58139534883721,11.999999999999877,0.023255813953488136,32.000000000000064,1.0235294117647056,49.41860465116279
50,1.5,2.5,1.5,553,29.8372513562387,9.000000000003,0.016274864376135623,36.49999999999831,1.0223048327137623,48.64376130198915
50,1.5,2.0,2.0,543,43.278084714548804,7.999999999999994,0.014732965009208092,42.00000000000004,1.0173160173160174,42.5414364640884
50,1.5,4.0,2.0,507,21.499013806706113,7.999999999999964,0.015779092702169553,38.00000000000003,1.0186915887850465,42.209072978303745
50,1.0,1.5,1.5,641,39.93759750390016,7.500000000002835,0.011700468018725171,34.499999999999474,1.0199203187251074,39.15756630265211
50,2.0,2.5,2.0,499,39.879759519038075,7.4999999999998295,0.015030060120240139,33.00000000000006,1.0153061224489792,49.09819639278557
200,1.5,1.5,2.0,262,57.63358778625955,4.50000000000003,0.017175572519084085,25.999999999999993,1.0202702702702704,42.36641221374045
200,2.0,1.5,2.0,262,57.63358778625955,4.50000000000003,0.017175572519084085,25.999999999999993,1.0202702702702704,42.36641221374045
200,2.0,2.5,2.0,240,40.416666666666664,2.5000000000000995,0.01041666666666708,30.49999999999997,1.0104166666666672,50.0
50,1.5,2.5,2.0,533,33.95872420262664,2.499999999999801,0.004690431519699439,41.000000000000085,1.005555555555555,42.21388367729831
50,1.0,2.0,1.5,622,29.581993569131832,2.0000000000029328,0.003215434083606001,32.999999999999446,1.0054644808743252,39.228295819935695
200,2.0,2.0,2.0,241,50.20746887966805,2.000000000000056,0.008298755186722224,33.999999999999986,1.0083333333333335,49.79253112033195
200,2.0,2.0,1.5,261,42.911877394636015,0.5000000000017493,0.0019157088122672386,38.499999999998906,1.0022371364653322,57.08812260536399
50,1.0,1.5,2.0,622,44.21221864951769,0.49999999999986167,0.0008038585209000992,37.00000000000007,1.0012135922330094,33.11897106109325
50,1.5,1.5,2.5,544,62.5,2.213784711102562e-12,4.069457189526769e-15,55.999999999999396,1.0000000000000044,37.5
50,2.0,1.5,2.5,544,62.5,2.213784711102562e-12,4.069457189526769e-15,55.999999999999396,1.0000000000000044,37.5
200,1.5,1.5,1.5,276,50.0,1.6160406346443779e-12,5.8552196907404996e-15,25.49999999999905,1.0000000000000078,50.0
200,2.0,1.5,1.5,276,50.0,1.6160406346443779e-12,5.8552196907404996e-15,25.49999999999905,1.0000000000000078,50.0
50,2.0,2.0,1.0,609,33.33333333333333,-1.1446399383885364e-13,-1.8795401287168086e-16,31.000000000000124,0.9999999999999997,66.66666666666666
100,2.0,2.0,2.5,316,55.379746835443036,-0.004276021459768537,-0.00001353171348028018,40.9999999999994,0.9999877829450875,44.303797468354425
100,2.0,4.0,2.0,309,24.59546925566343,-0.004276021461305752,-0.000013838257156329294,56.000000000000036,0.9999859343377756,49.19093851132686
50,2.0,2.0,3.0,477,59.958071278826,-1.0000000000000258,-0.0020964360587002635,48.00000000000005,0.9982547993019197,40.041928721174
50,1.5,4.0,3.0,477,24.737945492662476,-1.9999999999999951,-0.004192872117400409,51.000000000000036,0.9957805907172996,33.123689727463315
50,1.0,1.5,1.0,695,33.093525179856115,-2.000000000000005,-0.0028776978417266257,28.500000000000046,0.9942363112391931,49.92805755395683
100,1.5,4.0,2.0,326,22.085889570552148,-2.004276021461278,-0.006148085955402694,50.00000000000003,0.9930888052791574,44.47852760736196
100,2.0,2.0,2.0,330,49.696969696969695,-2.004276021461372,-0.006073563701398097,40.00000000000004,0.993926514996639,50.0
200,2.0,2.5,1.5,260,34.23076923076923,-2.4999999999981704,-0.009615384615377578,36.49999999999881,0.988888888888897,57.692307692307686
100,2.0,4.0,2.5,297,26.936026936026934,-2.5042760214598543,-0.008431905796161125,51.499999999999744,0.992234905991469,43.43434343434344
100,1.5,4.0,2.5,316,23.734177215189874,-2.5042760214599404,-0.007924924118544115,46.49999999999975,0.9917215186033194,38.291139240506325
50,1.0,1.5,2.5,612,47.05882352941176,-2.9999999999980504,-0.00490196078431054,39.49999999999925,0.9931034482758665,28.431372549019606
50,1.5,1.5,3.0,529,66.5406427221172,-3.0000000000002025,-0.005671077504726281,55.5000000000001,0.9943502824858753,33.459357277882795
50,2.0,1.5,3.0,529,66.5406427221172,-3.0000000000002025,-0.005671077504726281,55.5000000000001,0.9943502824858753,33.459357277882795
50,2.0,2.5,1.5,525,33.523809523809526,-3.9999999999966387,-0.007619047619041216,42.99999999999815,0.9909909909909985,56.38095238095238
50,1.0,2.5,1.5,614,23.289902280130292,-3.9999999999972395,-0.00651465798045153,40.49999999999842,0.9889349930843783,39.25081433224756
100,1.0,4.0,2.5,366,18.30601092896175,-4.5042760214601145,-0.012306765085956597,42.99999999999925,0.9834708060834048,29.78142076502732
50,2.0,2.5,3.0,463,47.51619870410367,-5.000000000000085,-0.010799136069114656,52.00000000000007,0.990990990990991,39.956803455723545
100,1.5,2.0,2.5,331,48.338368580060425,-5.004276021459851,-0.01511865867510529,34.99999999999971,0.9846024302119353,39.274924471299094
50,1.5,4.0,1.5,530,18.49056603773585,-5.499999999996912,-0.01037735849056021,41.499999999998195,0.9861635220125863,50.0
200,2.0,3.0,1.5,256,28.515625,-5.99999999999821,-0.02343749999999301,34.499999999999346,0.9733333333333412,58.59375
200,2.0,3.0,2.0,236,33.05084745762712,-5.999999999999913,-0.025423728813558952,24.99999999999998,0.9750000000000004,50.847457627118644
100,0.5,4.0,2.0,450,11.333333333333332,-6.004276021461319,-0.013342835603247375,40.00000000000005,0.9714087915959972,23.333333333333332
100,1.5,2.0,2.0,343,44.31486880466473,-6.004276021461344,-0.017505177905135113,36.00000000000002,0.9806316348325284,45.18950437317784
200,1.0,2.0,1.5,301,29.900332225913623,-7.499999999998539,-0.02491694352158983,46.999999999999076,0.9600000000000076,41.52823920265781
50,1.0,2.5,2.0,601,26.12312811980033,-7.500000000000141,-0.012479201331115044,39.00000000000003,0.9812499999999996,33.277870216306155
200,1.5,2.0,1.5,270,37.407407407407405,-7.999999999998332,-0.02962962962962345,43.999999999999,0.9619047619047696,51.85185185185185
50,1.0,4.0,2.0,580,16.206896551724135,-8.00000000000001,-0.013793103448275881,40.00000000000006,0.9791666666666666,33.10344827586207
200,1.0,2.5,1.5,300,23.666666666666668,-8.499999999998474,-0.028333333333328246,38.999999999999,0.954301075268825,41.333333333333336
200,1.5,2.5,1.5,270,30.0,-8.999999999998314,-0.03333333333332709,39.49999999999895,0.9574468085106459,52.22222222222223
50,1.0,1.5,3.0,602,49.501661129568106,-9.00000000000011,-0.014950166112956994,40.50000000000007,0.9802631578947366,25.249169435215947
100,2.0,2.5,2.0,323,38.69969040247678,-9.504276021461324,-0.029425003162418962,49.000000000000036,0.9704840067998729,49.84520123839009
50,1.0,2.5,2.5,591,28.08798646362098,-9.999999999998089,-0.016920473773262418,39.99999999999928,0.9764705882352984,28.76480541455161
200,1.5,2.0,2.0,256,41.796875,-9.999999999999927,-0.039062499999999716,42.0,0.9553571428571432,43.75
50,1.0,2.0,2.0,609,32.67651888341543,-9.999999999999966,-0.0164203612479474,39.99999999999999,0.9754901960784313,33.497536945812804
50,2.0,4.0,2.0,473,24.52431289640592,-10.000000000000064,-0.021141649048625928,46.00000000000006,0.9789029535864978,50.10570824524313
100,1.0,4.0,2.0,376,17.02127659574468,-10.004276021461298,-0.026607117078354513,48.00000000000005,0.962390544351046,35.37234042553192
100,2.0,4.0,3.0,287,28.9198606271777,-10.004276021461347,-0.03485810460439494,59.00000000000007,0.9707480966675588,39.721254355400696
100,1.0,4.0,3.0,357,19.047619047619047,-10.004276021461393,-0.02802318213294508,46.00000000000008,0.9645243818193024,26.330532212885156
50,1.5,3.0,1.5,543,23.756906077348066,-10.499999999996904,-0.019337016574579934,47.999999999997925,0.9735849056603849,48.80294659300184
50,1.0,4.0,2.5,571,17.338003502626968,-11.499999999998078,-0.02014010507880574,47.49999999999958,0.9717791411042991,28.546409807355516
200,1.0,1.5,1.5,305,38.0327868852459,-11.999999999998582,-0.03934426229507732,37.499999999999055,0.935483870967749,40.65573770491803
200,2.0,2.0,1.0,294,31.97278911564626,-12.00000000000011,-0.040816326530612616,29.000000000000075,0.9399999999999995,68.02721088435374
50,1.5,2.5,3.0,505,39.20792079207921,-12.000000000000139,-0.023762376237624037,58.50000000000006,0.9763313609467453,33.46534653465347
100,0.5,4.0,1.5,466,10.300429184549357,-12.00427602145981,-0.025760248973089723,35.4999999999997,0.9411567431057326,29.184549356223176
100,2.0,3.0,2.0,316,31.645569620253166,-12.00427602146134,-0.03798821525778905,53.00000000000005,0.9615252836450369,49.36708860759494
200,0.5,4.0,1.5,341,9.970674486803519,-12.499999999998836,-0.03665689149559776,38.499999999999545,0.9158249158249231,29.03225806451613
50,1.0,2.0,1.0,681,24.375917767988252,-12.999999999999996,-0.019089574155653447,32.00000000000006,0.9623188405797102,50.66079295154186
50,1.5,3.0,2.0,524,27.29007633587786,-13.000000000000044,-0.024809160305343598,50.00000000000008,0.9705882352941175,42.17557251908397
200,1.5,1.5,1.0,308,38.311688311688314,-13.000000000000112,-0.04220779220779257,24.500000000000032,0.9315789473684205,61.68831168831169
200,2.0,1.5,1.0,308,38.311688311688314,-13.000000000000112,-0.04220779220779257,24.500000000000032,0.9315789473684205,61.68831168831169
100,0.5,3.0,2.0,455,14.285714285714285,-13.004276021461333,-0.02858082642079414,42.000000000000064,0.9374807274629318,22.857142857142858
200,0.5,3.0,1.5,347,12.968299711815561,-13.499999999998849,-0.03890489913544337,41.99999999999922,0.9090909090909162,28.530259365994237
200,1.5,2.5,2.0,256,33.203125,-13.499999999999908,-0.05273437499999964,36.49999999999994,0.9402654867256641,44.140625
200,1.0,1.5,2.0,290,42.41379310344828,-13.499999999999995,-0.046551724137931016,38.49999999999994,0.9318181818181819,34.13793103448276
50,1.5,2.5,1.0,614,23.289902280130292,-13.500000000000206,-0.021986970684039424,44.00000000000012,0.9636118598382745,60.423452768729646
50,2.0,4.0,1.5,502,21.115537848605577,-13.999999999996607,-0.027888446215132683,41.499999999998025,0.9680365296803727,58.16733067729084
50,2.0,2.0,2.5,497,54.929577464788736,-13.999999999997453,-0.02816901408450192,43.99999999999943,0.9750000000000044,45.07042253521127
200,1.0,2.0,2.0,285,32.280701754385966,-13.99999999999999,-0.049122807017543825,52.00000000000006,0.9292929292929295,34.73684210526316
50,1.0,2.5,3.0,581,29.604130808950085,-14.00000000000006,-0.02409638554216878,36.499999999999986,0.9684684684684683,25.47332185886403
100,1.5,4.0,3.0,306,24.836601307189543,-14.004276021461315,-0.04576560791327227,53.00000000000006,0.9559619883208232,34.64052287581699
100,1.0,3.0,2.0,383,22.45430809399478,-14.004276021461338,-0.036564689351073994,47.00000000000007,0.9485145004839689,35.50913838120104
50,1.5,2.0,2.5,529,46.12476370510397,-14.499999999997641,-0.027410207939504046,55.999999999999375,0.9711442786069698,37.99621928166352
50,1.5,4.0,2.5,493,22.718052738336713,-14.499999999997826,-0.029411764705877943,50.499999999999304,0.9686486486486533,37.52535496957404
200,0.5,2.5,1.5,351,15.0997150997151,-14.499999999998792,-0.04131054131053787,36.999999999999304,0.9013605442176945,27.92022792022792
200,0.5,2.0,1.5,353,18.980169971671387,-14.499999999998884,-0.041076487252121485,39.99999999999925,0.9023569023569091,28.04532577903683
100,0.5,2.5,2.0,459,17.21132897603486,-14.504276021461383,-0.03159972989425138,38.00000000000003,0.9315849835972503,23.093681917211327
50,2.0,4.0,3.0,436,29.587155963302752,-14.999999999999979,-0.034403669724770596,68.00000000000003,0.9717514124293786,40.596330275229356
50,1.5,2.0,3.0,513,49.122807017543856,-15.000000000000028,-0.0292397660818714,58.00000000000007,0.9710982658959538,33.72319688109162
100,2.0,2.0,1.5,354,41.52542372881356,-15.00427602145915,-0.04238496051259647,34.99999999999962,0.951443144364717,58.19209039548022
100,1.0,3.0,1.5,405,20.0,-15.004276021459482,-0.03704759511471477,38.99999999999971,0.941844855237161,42.46913580246914
100,2.0,2.5,2.5,311,42.443729903536976,-15.004276021459725,-0.048245260519163106,47.49999999999971,0.9565098838933623,44.37299035369775
100,0.5,4.0,2.5,444,11.936936936936938,-15.50427602146033,-0.034919540588874615,46.99999999999916,0.9318506170846749,20.495495495495494
50,1.0,4.0,3.0,560,18.035714285714285,-15.999999999999986,-0.028571428571428546,54.00000000000006,0.961904761904762,25.0
100,1.5,2.0,1.5,367,37.87465940054496,-16.004276021459237,-0.043608381529861684,33.99999999999964,0.945564478727884,53.40599455040872
100,1.5,3.0,2.0,332,28.313253012048197,-16.00427602146132,-0.048205650667052166,49.00000000000005,0.9462951463813603,44.87951807228915
100,1.5,2.5,2.0,337,34.42136498516321,-16.004276021461322,-0.04749043329810482,45.50000000000002,0.9476991752221827,45.40059347181009
50,1.0,2.0,2.5,599,34.72454090150251,-16.49999999999791,-0.027545909849746097,48.49999999999922,0.9618497109826637,28.881469115191987
200,1.5,3.0,1.5,265,24.528301886792452,-16.499999999998302,-0.062264150943389815,40.499999999999254,0.9219858156028444,53.20754716981132
50,2.0,3.0,2.0,489,31.697341513292432,-17.000000000000085,-0.0347648261758693,46.00000000000007,0.9647302904564313,49.284253578732105
100,2.0,3.0,2.5,305,34.75409836065574,-17.004276021459823,-0.05575172466052401,52.49999999999975,0.9492416149924888,43.9344262295082
50,2.0,2.5,2.5,483,43.47826086956522,-17.499999999997588,-0.03623188405796602,49.99999999999932,0.9677419354838754,44.927536231884055
50,1.5,2.5,2.5,520,36.34615384615385,-17.499999999997844,-0.03365384615384201,57.499999999999304,0.9642857142857185,37.69230769230769
200,1.5,1.5,2.5,260,60.76923076923077,-17.99999999999897,-0.06923076923076527,35.49999999999924,0.9294117647058862,39.23076923076923
200,2.0,1.5,2.5,260,60.76923076923077,-17.99999999999897,-0.06923076923076527,35.49999999999924,0.9294117647058862,39.23076923076923
50,2.0,3.0,3.0,452,38.716814159292035,-18.00000000000001,-0.03982300884955754,57.00000000000003,0.9668508287292817,40.04424778761062
100,0.5,2.5,1.5,474,15.822784810126583,-18.004276021459862,-0.03798370468662418,31.999999999999712,0.9123897742177407,28.902953586497894
100,1.5,3.0,2.5,323,30.65015479876161,-18.00427602145991,-0.05574079263609879,47.499999999999766,0.942844344055084,39.0092879256966
100,1.0,3.0,2.5,375,23.733333333333334,-18.004276021460093,-0.04801140272389358,44.9999999999995,0.9368280494847578,30.4
200,1.5,2.0,1.0,305,28.524590163934427,-19.000000000000107,-0.062295081967213464,39.00000000000009,0.9015544041450773,63.278688524590166
100,1.0,2.0,1.5,412,29.36893203883495,-19.004276021459454,-0.046126883547231684,29.999999999999677,0.9271878748074729,42.23300970873786
100,0.5,3.0,1.5,470,12.978723404255318,-19.504276021459845,-0.041498459620127326,35.99999999999974,0.9036846213588452,28.723404255319153
200,0.5,4.0,2.0,333,10.21021021021021,-19.999999999999954,-0.06006006006005992,42.0,0.8717948717948723,23.423423423423422
200,2.0,2.5,1.0,292,25.34246575342466,-20.00000000000001,-0.06849315068493154,31.00000000000002,0.9024390243902439,70.2054794520548
50,2.0,2.5,1.0,594,25.589225589225588,-20.000000000000224,-0.033670033670034044,39.000000000000114,0.9499999999999995,67.34006734006735
100,1.5,2.5,2.5,327,37.00305810397553,-20.00427602145984,-0.06117515602892918,42.499999999999716,0.9379720595700608,39.44954128440367
100,2.0,2.0,3.0,306,58.496732026143796,-20.00427602146143,-0.06537345105052754,54.000000000000036,0.947079233515534,41.17647058823529
200,1.0,2.5,2.0,285,24.912280701754387,-20.499999999999915,-0.0719298245614032,45.999999999999936,0.896464646464647,34.73684210526316
50,1.0,4.0,1.5,596,14.093959731543624,-20.99999999999716,-0.0352348993288543,52.49999999999836,0.9411764705882428,39.93288590604027
200,1.0,3.0,1.5,297,18.51851851851852,-20.999999999998522,-0.07070707070706574,44.999999999999034,0.8870967741935556,41.75084175084175
200,0.5,1.5,1.5,353,24.07932011331445,-20.999999999998895,-0.05949008498583257,34.49999999999948,0.858585858585865,28.04532577903683
200,0.5,2.5,2.0,343,15.743440233236154,-20.999999999999908,-0.061224489795918095,41.99999999999996,0.865384615384616,22.740524781341108
200,0.5,3.0,2.0,338,13.313609467455622,-20.999999999999947,-0.062130177514792745,48.000000000000014,0.8653846153846159,23.076923076923077
50,1.5,3.0,3.0,494,31.781376518218625,-21.000000000000018,-0.04251012145748991,66.00000000000003,0.9573170731707318,33.198380566801625
100,1.0,4.0,1.5,398,15.07537688442211,-21.004276021459436,-0.05277456286798853,42.99999999999966,0.9195251650983202,43.71859296482412
100,1.0,3.0,3.0,366,25.136612021857925,-21.004276021461465,-0.05738873229907504,48.00000000000015,0.9292795501033673,27.049180327868854
50,0.5,2.0,1.5,746,18.36461126005362,-21.499999999997673,-0.028820375335117523,38.49999999999782,0.9272419627749651,26.40750670241287
50,1.0,3.0,2.5,583,22.46998284734134,-21.999999999998074,-0.03773584905660047,47.49999999999877,0.9469879518072334,28.473413379073758
200,1.5,4.0,1.5,262,17.938931297709924,-21.999999999998366,-0.08396946564884872,45.49999999999895,0.8952380952381024,53.43511450381679
50,0.5,2.0,2.0,734,19.482288828337875,-21.99999999999988,-0.029972752043596566,37.99999999999999,0.928571428571429,20.98092643051771
200,0.5,2.0,2.0,345,19.710144927536234,-21.999999999999993,-0.06376811594202897,46.00000000000006,0.8607594936708861,22.89855072463768
50,0.5,1.5,1.5,756,24.6031746031746,-22.49999999999779,-0.02976190476190184,40.49999999999878,0.9253731343283651,26.58730158730159
100,1.5,1.5,2.5,338,60.650887573964496,-22.504276021459848,-0.06658069828834275,38.99999999999908,0.9318061078093532,39.053254437869825
100,2.0,1.5,2.5,338,60.650887573964496,-22.504276021459848,-0.06658069828834275,38.99999999999908,0.9318061078093532,39.053254437869825
100,1.5,1.5,2.0,350,55.14285714285714,-22.50427602146136,-0.0642979314898896,36.50000000000004,0.9278718987174607,44.57142857142857
100,2.0,1.5,2.0,350,55.14285714285714,-22.50427602146136,-0.0642979314898896,36.50000000000004,0.9278718987174607,44.57142857142857
200,2.0,4.0,1.5,253,19.76284584980237,-23.499999999998252,-0.09288537549406424,45.499999999998835,0.894854586129761,58.89328063241107
50,1.0,2.0,3.0,588,36.224489795918366,-23.99999999999994,-0.040816326530612144,43.99999999999993,0.9466666666666669,25.510204081632654
200,2.0,4.0,2.0,233,23.17596566523605,-23.999999999999957,-0.10300429184549338,38.0,0.9000000000000002,51.50214592274678
50,1.0,3.0,3.0,573,23.7347294938918,-24.000000000000004,-0.04188481675392671,47.999999999999986,0.9444444444444443,25.13089005235602
200,0.5,3.0,3.0,336,14.880952380952381,-24.00000000000002,-0.0714285714285715,42.00000000000003,0.8620689655172413,17.261904761904763
100,1.0,2.0,2.0,391,32.73657289002558,-24.00427602146137,-0.06139201028506744,40.00000000000004,0.9142717519798823,35.80562659846547
100,2.0,3.0,3.0,295,37.6271186440678,-24.004276021461433,-0.08137042719139469,60.000000000000085,0.9327619369466084,40.33898305084746
200,1.0,4.0,1.5,293,13.651877133105803,-24.499999999998554,-0.0836177474402681,47.99999999999902,0.8672086720867278,41.979522184300336
200,1.0,1.5,2.5,289,45.674740484429066,-24.499999999999126,-0.08477508650518728,48.999999999999325,0.8898876404494418,30.79584775086505
200,1.0,2.0,2.5,284,34.859154929577464,-24.499999999999126,-0.08626760563379975,61.49999999999944,0.8898876404494418,31.338028169014088
200,2.0,2.5,2.5,238,42.857142857142854,-24.999999999998728,-0.10504201680671735,42.499999999999204,0.9107142857142899,47.05882352941176
200,1.5,3.0,2.0,251,26.693227091633464,-24.999999999999883,-0.09960159362549754,40.999999999999986,0.8893805309734519,45.0199203187251
50,1.0,3.0,2.0,593,20.741989881956155,-25.000000000000036,-0.042158516020236146,50.000000000000014,0.9365482233502537,33.22091062394604
50,1.0,3.0,1.5,606,18.316831683168317,-25.499999999997183,-0.04207920792078743,52.49999999999821,0.9288702928870367,39.43894389438944
200,2.0,2.0,2.5,239,53.13807531380753,-25.99999999999882,-0.10878661087865615,56.99999999999915,0.907142857142861,46.86192468619247
200,0.5,3.0,2.5,337,14.243323442136498,-25.99999999999929,-0.07715133531157059,53.99999999999953,0.8470588235294154,20.178041543026705
50,0.5,1.5,2.0,742,25.87601078167116,-26.00000000000002,-0.03504043126684639,39.00000000000001,0.9171974522292994,21.159029649595688
200,0.5,4.0,1.0,354,8.47457627118644,-26.000000000000103,-0.07344632768361611,33.0000000000001,0.8219178082191777,41.24293785310734
200,1.0,2.0,1.0,327,23.547400611620795,-26.000000000000156,-0.07951070336391484,46.000000000000135,0.8555555555555548,55.04587155963303
200,0.5,2.0,1.0,366,16.120218579234972,-26.000000000000185,-0.07103825136612073,40.000000000000156,0.8194444444444435,39.34426229508197
100,1.0,2.5,1.5,408,23.03921568627451,-26.004276021459468,-0.06373597064083203,35.49999999999968,0.9003683908254384,42.64705882352941
50,0.5,1.5,1.0,791,22.123893805309734,-26.49999999999998,-0.033501896333754715,35.5,0.9083044982698962,36.53603034134007
100,1.0,2.0,2.5,381,34.90813648293963,-26.504276021460058,-0.06956502892771668,43.99999999999918,0.9093884151645172,30.708661417322837
100,2.0,2.5,3.0,301,45.51495016611295,-26.504276021461376,-0.08805407316100125,55.50000000000004,0.9281735260435847,40.863787375415285
50,1.5,3.0,2.5,510,29.411764705882355,-27.499999999997776,-0.05392156862744662,66.49999999999932,0.9424083769633552,37.450980392156865
200,1.0,2.5,2.5,284,27.464788732394368,-27.499999999999034,-0.09683098591548955,52.499999999999346,0.8764044943820264,31.338028169014088
200,0.5,1.5,2.0,345,25.217391304347824,-27.50000000000001,-0.07971014492753627,40.50000000000003,0.8259493670886077,22.89855072463768
200,0.5,2.5,1.0,364,12.912087912087914,-27.500000000000068,-0.07554945054945074,36.00000000000005,0.8103448275862069,39.83516483516483
200,1.5,4.0,2.0,248,19.758064516129032,-27.99999999999994,-0.11290322580645137,41.999999999999986,0.8750000000000003,45.16129032258064
100,1.5,4.0,1.5,352,18.46590909090909,-28.004276021459297,-0.07955760233369119,48.999999999999645,0.902764374167234,54.54545454545454
100,0.5,2.0,1.5,476,18.487394957983195,-28.00427602145984,-0.058832512650125714,34.499999999998515,0.8627270145135881,28.57142857142857
100,0.5,2.0,2.0,461,19.95661605206074,-28.00427602146137,-0.06074680264959082,42.00000000000005,0.8679070226931346,22.99349240780911
100,1.5,2.0,3.0,322,49.68944099378882,-28.00427602146139,-0.0869698013088863,47.00000000000003,0.919528931248723,36.024844720496894
50,2.0,3.0,1.5,515,26.601941747572816,-28.499999999996614,-0.05533980582523614,52.49999999999817,0.9351535836177546,56.89320388349515
200,1.5,2.0,2.5,253,44.26877470355731,-28.499999999998966,-0.11264822134386943,53.999999999999275,0.8871287128712909,39.920948616600796
100,2.0,2.5,1.5,348,31.896551724137932,-28.50427602145918,-0.08190883914212409,41.99999999999964,0.9068500728419225,58.620689655172406
100,1.5,1.5,1.5,374,47.32620320855615,-28.504276021459255,-0.07621464176860764,34.499999999999666,0.9030480902958747,52.406417112299465
100,2.0,1.5,1.5,374,47.32620320855615,-28.504276021459255,-0.07621464176860764,34.499999999999666,0.9030480902958747,52.406417112299465
100,1.0,1.5,1.5,417,36.69064748201439,-28.50427602145948,-0.06835557798911146,32.999999999998174,0.8895201410573186,41.247002398081534
100,0.5,1.5,1.5,482,24.066390041493776,-28.50427602145985,-0.05913750211921131,32.99999999999853,0.8592411153903774,28.008298755186722
100,1.0,2.5,2.0,386,25.647668393782386,-28.504276021461358,-0.07384527466699833,44.50000000000003,0.8967252376218805,35.751295336787564
200,0.5,3.0,1.0,360,10.833333333333334,-29.000000000000124,-0.08055555555555591,40.000000000000114,0.8013698630136982,40.55555555555556
200,0.5,2.5,3.0,341,17.302052785923756,-29.499999999999982,-0.08651026392961872,39.999999999999964,0.8333333333333337,17.302052785923756
200,1.0,2.5,1.0,326,18.711656441717793,-29.500000000000078,-0.09049079754601251,40.00000000000004,0.8379120879120877,55.828220858895705
200,1.0,1.5,1.0,329,30.091185410334347,-29.500000000000156,-0.0896656534954412,37.50000000000005,0.8342696629213477,54.1033434650456
100,0.5,3.0,2.5,449,14.699331848552339,-29.504276021460345,-0.06571108245314108,49.499999999999396,0.8703133121828568,20.26726057906459
50,0.5,2.5,1.5,742,14.150943396226415,-29.999999999997822,-0.04043126684635825,49.49999999999875,0.8974358974359044,26.28032345013477
200,0.5,2.5,2.5,342,16.666666666666664,-29.999999999999247,-0.08771929824561184,49.99999999999948,0.826086956521743,20.175438596491226
200,1.0,3.0,2.0,282,19.858156028368796,-29.99999999999995,-0.10638297872340408,53.0,0.8484848484848488,35.1063829787234
200,0.5,4.0,3.0,330,10.909090909090908,-30.000000000000046,-0.09090909090909105,46.000000000000014,0.8275862068965517,17.575757575757574
200,2.0,3.0,1.0,288,20.13888888888889,-30.00000000000005,-0.10416666666666684,38.00000000000004,0.8529411764705883,70.83333333333334
100,1.5,2.5,1.5,361,29.085872576177284,-30.004276021459276,-0.08311433800958248,41.49999999999966,0.8974227781228812,54.016620498614955
100,0.5,2.5,2.5,454,17.841409691629956,-30.004276021460342,-0.06608871370365714,47.499999999999176,0.8709517238354321,20.484581497797357
100,1.5,3.0,3.0,313,32.26837060702875,-30.00427602146138,-0.09586030677783189,54.00000000000007,0.9098982259929671,35.46325878594249
200,0.5,1.5,1.0,366,20.491803278688526,-30.500000000000192,-0.08333333333333386,34.00000000000012,0.7867132867132858,39.07103825136612
100,2.0,4.0,1.5,336,19.940476190476193,-30.504276021459262,-0.09078653577815257,48.99999999999966,0.8978095844118954,59.226190476190474
200,1.5,2.5,1.0,303,21.782178217821784,-31.00000000000006,-0.10231023102310251,40.500000000000014,0.8418367346938774,64.68646864686468
100,0.5,4.0,3.0,440,12.045454545454545,-31.004276021461393,-0.07046426368513953,56.00000000000008,0.8724126318718639,18.409090909090907
200,1.0,3.0,2.5,280,22.142857142857142,-31.499999999999094,-0.11249999999999677,54.99999999999942,0.8551724137931072,31.071428571428573
50,0.5,2.5,2.0,730,14.931506849315069,-31.499999999999996,-0.043150684931506846,41.50000000000002,0.8963815789473685,20.82191780821918
100,2.0,3.0,1.5,341,26.099706744868033,-31.50427602145929,-0.09238790622128824,46.499999999999694,0.8944595486491642,58.35777126099707
100,1.5,3.0,1.5,356,23.876404494382022,-31.504276021459347,-0.08849515736364985,44.99999999999969,0.8900390721599574,53.65168539325843
100,1.0,1.5,2.5,387,44.96124031007752,-31.504276021460086,-0.08140639798826896,47.49999999999939,0.8922946479621766,30.23255813953488
200,2.0,3.0,2.5,233,34.763948497854074,-31.999999999998774,-0.13733905579398614,44.499999999999176,0.8836363636363677,47.21030042918455
50,0.5,2.0,1.0,783,16.347381864623244,-31.999999999999915,-0.040868454661558,44.99999999999992,0.8888888888888892,36.7816091954023
50,0.5,2.0,3.0,719,21.140472878998608,-31.99999999999995,-0.04450625869262858,49.00000000000007,0.9047619047619049,15.577190542420027
100,0.5,1.5,2.0,467,25.69593147751606,-32.00427602146136,-0.06853164030291511,40.00000000000004,0.8490394787215447,22.698072805139187
200,1.5,2.5,2.5,253,35.177865612648226,-32.4999999999989,-0.12845849802371107,47.499999999999226,0.8725490196078469,40.316205533596836
200,0.5,2.0,2.5,344,20.63953488372093,-32.999999999999325,-0.09593023255813757,54.49999999999957,0.8114285714285747,20.348837209302324
200,1.0,2.0,3.0,281,36.29893238434164,-33.000000000000064,-0.11743772241992906,59.00000000000007,0.860759493670886,28.11387900355872
100,1.0,1.5,2.0,397,41.05793450881612,-33.5042760214614,-0.0843936423714393,48.50000000000005,0.8794828752242829,35.012594458438286
200,0.5,4.0,2.5,331,10.27190332326284,-33.99999999999932,-0.10271903323262634,53.999999999999375,0.8000000000000034,20.54380664652568
200,1.0,4.0,2.0,279,14.695340501792115,-33.99999999999997,-0.12186379928315402,53.999999999999986,0.8282828282828285,35.483870967741936
200,0.5,2.0,3.0,343,21.282798833819243,-34.000000000000064,-0.09912536443148706,46.00000000000011,0.811111111111111,17.49271137026239
200,1.0,2.5,3.0,281,28.825622775800714,-34.49999999999996,-0.12277580071174363,48.49999999999994,0.8544303797468358,28.11387900355872
200,1.5,1.5,3.0,256,63.671875,-34.500000000000036,-0.13476562500000014,42.000000000000064,0.8763440860215053,36.328125
200,2.0,1.5,3.0,256,63.671875,-34.500000000000036,-0.13476562500000014,42.000000000000064,0.8763440860215053,36.328125
200,1.0,1.5,3.0,286,47.2027972027972,-34.50000000000007,-0.12062937062937087,48.000000000000014,0.8544303797468353,27.62237762237762
100,1.5,2.5,3.0,317,38.801261829652994,-34.504276021461344,-0.10884629659766985,49.99999999999999,0.8991115654375733,35.96214511041009
50,2.0,3.0,2.5,472,34.95762711864407,-34.99999999999762,-0.07415254237287632,59.99999999999847,0.9339622641509476,44.91525423728814
200,1.0,4.0,2.5,276,16.304347826086957,-34.99999999999912,-0.12681159420289537,55.99999999999937,0.837209302325585,31.15942028985507
100,1.0,2.5,2.5,378,26.984126984126984,-35.00427602146004,-0.09260390481867736,47.49999999999915,0.8792973796742579,30.687830687830687
200,2.0,2.5,3.0,233,45.92274678111588,-35.49999999999994,-0.15236051502145898,46.49999999999995,0.8828382838283831,43.34763948497854
50,0.5,2.5,3.0,716,16.620111731843576,-35.50000000000002,-0.04958100558659221,47.0000000000001,0.8933933933933935,15.502793296089385
50,2.0,4.0,2.5,455,26.593406593406595,-35.99999999999761,-0.07912087912087387,58.49999999999848,0.9307692307692351,45.714285714285715
50,0.5,4.0,1.5,723,8.71369294605809,-35.99999999999785,-0.04979253112032897,62.49999999999874,0.8750000000000066,26.556016597510375
50,0.5,4.0,3.0,698,10.315186246418339,-36.00000000000004,-0.051575931232091754,57.00000000000007,0.8888888888888888,15.472779369627506
50,1.5,3.0,1.0,607,18.451400329489292,-36.000000000000085,-0.05930807248764429,57.000000000000114,0.9032258064516129,61.28500823723228
50,2.0,4.0,1.0,569,15.817223198594025,-36.00000000000014,-0.06326889279437635,52.00000000000015,0.909090909090909,69.59578207381371
50,1.0,2.5,1.0,674,18.397626112759642,-36.00000000000015,-0.05341246290801209,57.00000000000011,0.8959537572254331,51.33531157270029
100,0.5,4.0,1.0,483,8.281573498964804,-36.00427602146143,-0.07454301453718723,49.00000000000007,0.8163087216652402,40.57971014492754
100,1.0,2.0,1.0,443,23.024830699774267,-36.00427602146152,-0.0812737607707935,42.00000000000016,0.8499848560271404,54.176072234762984
50,0.5,2.0,2.5,728,20.467032967032967,-36.99999999999841,-0.05082417582417364,49.499999999998494,0.8895522388059744,18.40659340659341
200,1.5,3.0,2.5,247,28.74493927125506,-36.999999999998906,-0.149797570850198,48.99999999999929,0.852000000000004,40.48582995951417
200,1.5,4.0,2.5,244,21.311475409836063,-36.99999999999897,-0.15163934426229086,50.49999999999899,0.8489795918367383,40.16393442622951
200,2.0,2.0,3.0,234,56.837606837606835,-37.00000000000005,-0.15811965811965834,52.99999999999999,0.8778877887788777,43.162393162393165
100,2.0,2.0,1.0,392,30.102040816326532,-37.00427602146146,-0.09439866332005474,44.0000000000001,0.8644553244339935,69.64285714285714
50,0.5,1.5,3.0,728,28.15934065934066,-37.50000000000011,-0.051510989010989154,48.000000000000114,0.8913043478260867,15.796703296703296
50,0.5,4.0,2.0,711,9.142053445850914,-38.00000000000002,-0.053445850914205374,52.000000000000085,0.8724832214765101,20.956399437412095
200,1.0,3.0,3.0,277,23.104693140794225,-39.000000000000014,-0.14079422382671486,51.00000000000003,0.8311688311688313,27.79783393501805
100,1.5,1.5,3.0,329,63.829787234042556,-39.00427602146142,-0.11855403046036907,54.00000000000006,0.8898197602022843,35.86626139817629
100,2.0,1.5,3.0,329,63.829787234042556,-39.00427602146142,-0.11855403046036907,54.00000000000006,0.8898197602022843,35.86626139817629
100,1.0,2.0,3.0,373,36.193029490616624,-39.004276021461465,-0.10456910461517818,55.00000000000011,0.873774316253305,27.61394101876676
100,1.0,1.5,1.0,449,29.621380846325167,-39.50427602146154,-0.08798279737519274,45.00000000000017,0.8347130993676691,53.229398663697104
200,0.5,1.5,2.5,344,26.16279069767442,-39.999999999999346,-0.11627906976743996,48.99999999999953,0.7714285714285745,20.348837209302324
200,1.0,4.0,3.0,273,17.216117216117215,-40.000000000000014,-0.14652014652014658,50.0,0.824561403508772,27.83882783882784
200,1.5,2.0,3.0,249,47.389558232931726,-40.000000000000014,-0.16064257028112455,51.00000000000004,0.855072463768116,36.94779116465863
50,1.5,4.0,1.0,591,13.874788494077833,-40.00000000000012,-0.06768189509306281,61.00000000000016,0.8913043478260868,62.2673434856176
50,0.5,3.0,1.5,736,11.277173913043478,-40.499999999997826,-0.055027173913040524,55.49999999999876,0.8601036269430117,26.222826086956523
100,1.0,2.5,3.0,369,28.455284552845526,-40.50427602146143,-0.10976768569501742,55.000000000000064,0.8663244078489754,27.371273712737125
100,0.5,2.5,1.0,493,12.778904665314403,-40.50427602146153,-0.08215877489140269,47.000000000000156,0.7954373671350852,40.16227180527384
50,0.5,1.5,2.5,736,27.03804347826087,-41.49999999999853,-0.056385869565215394,51.999999999998636,0.8779411764705921,18.478260869565215
100,1.5,1.5,1.0,415,35.903614457831324,-41.50427602146153,-0.10001030366617236,46.500000000000156,0.843382617652176,63.85542168674698
100,2.0,1.5,1.0,415,35.903614457831324,-41.50427602146153,-0.10001030366617236,46.500000000000156,0.843382617652176,63.85542168674698
200,2.0,3.0,3.0,228,37.280701754385966,-41.99999999999995,-0.18421052631578927,50.99999999999996,0.8585858585858589,43.42105263157895
200,0.5,1.5,3.0,343,26.82215743440233,-42.000000000000085,-0.12244897959183698,48.00000000000011,0.7666666666666664,17.49271137026239
100,1.0,1.5,3.0,379,46.965699208443276,-42.00427602146149,-0.11082922433103297,61.50000000000012,0.8640657127393794,27.176781002638524
100,0.5,1.5,1.0,502,20.717131474103585,-42.004276021461514,-0.0836738566164572,47.500000000000156,0.78786177316237,39.44223107569721
50,0.5,2.5,2.5,724,15.883977900552487,-42.49999999999852,-0.05870165745856149,49.99999999999861,0.8712121212121252,18.23204419889503
200,1.5,3.0,1.0,299,17.05685618729097,-43.00000000000007,-0.14381270903010057,49.00000000000008,0.780612244897959,65.55183946488295
100,1.5,2.0,1.0,406,27.339901477832512,-43.00427602146149,-0.10592186212182633,50.000000000000114,0.837722331627665,65.27093596059113
100,0.5,2.5,3.0,450,18.0,-43.504276021461436,-0.09667616893658097,55.50000000000009,0.8231564234368589,18.22222222222222
200,1.5,2.5,3.0,249,37.75100401606426,-43.999999999999936,-0.1767068273092367,53.49999999999996,0.8422939068100362,37.34939759036144
200,1.0,3.0,1.0,323,14.241486068111456,-44.000000000000114,-0.13622291021671862,50.00000000000009,0.758241758241758,56.34674922600619
100,0.5,2.0,1.0,496,15.524193548387096,-44.00427602146152,-0.08871829843036597,50.000000000000185,0.77776098119875,39.91935483870967
100,0.5,2.0,2.5,456,20.614035087719298,-44.50427602146034,-0.09759709653829023,55.49999999999933,0.8085872794126482,20.394736842105264
100,2.0,2.5,1.0,388,23.45360824742268,-44.504276021461486,-0.11470174232335434,52.50000000000007,0.8363839103104761,70.10309278350515
50,0.5,3.0,2.0,724,11.740331491712707,-44.999999999999986,-0.062154696132596665,52.000000000000036,0.8500000000000001,20.718232044198896
50,0.5,3.0,3.0,711,13.220815752461323,-45.00000000000003,-0.06329113924050637,54.00000000000009,0.8623853211009176,15.330520393811534
50,2.0,3.0,1.0,587,20.272572402044293,-45.00000000000015,-0.07666098807495766,54.00000000000013,0.888059701492537,68.48381601362861
100,0.5,1.5,2.5,462,27.056277056277057,-45.00427602146035,-0.09741185286030378,50.99999999999938,0.8064367813291039,20.12987012987013
100,0.5,3.0,3.0,445,14.831460674157304,-45.00427602146141,-0.1011332045426099,60.00000000000015,0.8148004769369296,18.202247191011235
100,1.0,3.0,1.0,438,14.840182648401825,-45.00427602146154,-0.10274948863347384,50.000000000000185,0.81248552414359,54.794520547945204
25,0.5,4.0,1.5,951,9.253417455310199,-45.499999999997264,-0.04784437434279418,56.499999999998614,0.8855345911949747,27.865404837013667
200,2.0,4.0,2.5,230,24.347826086956523,-45.999999999998835,-0.19999999999999493,59.49999999999885,0.8296296296296335,46.95652173913044
50,0.5,4.0,2.5,705,9.787234042553191,-46.4999999999986,-0.06595744680850865,54.499999999998714,0.855813953488376,18.29787234042553
200,1.5,4.0,3.0,240,22.916666666666664,-46.999999999999964,-0.1958333333333332,60.000000000000014,0.8239700374531839,37.083333333333336
100,0.5,3.0,1.0,490,10.204081632653061,-47.00427602146151,-0.09592709392135002,53.000000000000156,0.7614047929784992,40.20408163265306
50,0.5,2.5,1.0,779,12.45186136071887,-47.500000000000036,-0.06097560975609761,54.499999999999986,0.8362068965517241,37.22721437740693
200,1.5,3.0,3.0,243,30.864197530864196,-47.99999999999994,-0.19753086419753063,56.999999999999986,0.8241758241758245,37.4485596707819
100,1.0,4.0,1.0,429,11.188811188811188,-48.00427602146147,-0.11189807930410599,57.00000000000012,0.7999857468490735,55.94405594405595
100,1.0,2.5,1.0,440,17.5,-48.50427602146154,-0.11023699095786714,55.00000000000015,0.7987410147978362,54.77272727272727
200,2.0,4.0,1.0,282,13.47517730496454,-50.000000000000085,-0.1773049645390074,54.00000000000008,0.7524752475247524,71.63120567375887
200,1.0,4.0,1.0,318,10.377358490566039,-50.000000000000114,-0.15723270440251608,54.00000000000011,0.725274725274725,57.23270440251572
200,1.5,4.0,1.0,293,12.286689419795222,-50.000000000000114,-0.17064846416382293,54.00000000000013,0.7422680412371132,66.21160409556313
25,1.0,4.0,1.5,797,14.178168130489336,-50.499999999996376,-0.06336260978669558,64.49999999999866,0.8995024875621956,42.03262233375157
100,1.5,2.5,1.0,402,21.144278606965177,-52.50427602146153,-0.13060765179468042,60.50000000000014,0.801873853472427,65.92039800995025
50,0.5,4.0,1.0,760,7.7631578947368425,-54.00000000000004,-0.07105263157894742,66.00000000000004,0.8137931034482759,38.15789473684211
50,0.5,3.0,2.5,718,12.534818941504177,-54.99999999999857,-0.07660167130919021,60.99999999999857,0.8307692307692345,18.105849582172702
200,2.0,4.0,3.0,225,26.222222222222225,-54.999999999999986,-0.24444444444444438,68.00000000000003,0.8109965635738833,43.111111111111114
50,1.0,4.0,1.0,657,11.11111111111111,-56.000000000000114,-0.08523592085235938,74.00000000000011,0.8390804597701148,52.96803652968036
25,1.0,1.5,1.5,882,37.755102040816325,-56.99999999999606,-0.06462585034013159,76.49999999999832,0.8975741239892248,42.06349206349206
100,0.5,2.0,3.0,452,20.79646017699115,-58.004276021461436,-0.12832804429526867,66.00000000000009,0.7642143585487876,18.141592920353983
100,0.5,1.5,3.0,458,27.292576419213976,-58.50427602146142,-0.12773859393332188,63.00000000000009,0.7621818735526472,17.903930131004365
50,1.0,3.0,1.0,669,14.499252615844544,-59.00000000000012,-0.08819133034379689,70.00000000000009,0.8314285714285713,52.3168908819133
100,2.0,4.0,1.0,376,14.095744680851062,-59.00427602146144,-0.1569262660145251,68.00000000000006,0.7822754796061274,72.07446808510637
100,1.5,4.0,1.0,392,13.010204081632654,-59.00427602146147,-0.1505211122996466,69.00000000000011,0.775652788182628,67.09183673469387
25,0.5,3.0,1.5,973,11.71634121274409,-59.99999999999717,-0.06166495375128178,64.4999999999972,0.8507462686567225,27.543679342240495
100,2.0,3.0,1.0,382,18.32460732984293,-60.00427602146151,-0.15707925660068459,64.00000000000013,0.777765460215556,70.68062827225131
25,0.5,2.5,1.5,990,14.343434343434344,-60.49999999999701,-0.06111111111110809,63.99999999999704,0.854392298435626,27.979797979797983
25,1.5,4.0,1.5,723,17.42738589211618,-61.49999999999591,-0.08506224066389476,75.49999999999847,0.8912466843501391,52.14384508990319
25,0.5,2.0,1.5,1003,17.94616151545364,-61.49999999999714,-0.061316051844463745,65.99999999999712,0.8540925266903974,28.015952143569294
25,1.0,2.0,1.5,857,27.887981330221706,-61.99999999999601,-0.07234539089847843,80.99999999999828,0.8851851851851918,42.007001166861144
100,1.5,3.0,1.0,398,16.834170854271356,-62.00427602146154,-0.15578963824487824,66.00000000000018,0.7642461295328832,66.08040201005025
25,1.5,1.5,1.5,814,47.420147420147416,-62.99999999999544,-0.07739557739557179,76.4999999999981,0.9018691588785113,52.579852579852584
25,2.0,1.5,1.5,814,47.420147420147416,-62.99999999999544,-0.07739557739557179,76.4999999999981,0.9018691588785113,52.579852579852584
50,0.5,3.0,1.0,775,9.935483870967742,-63.00000000000004,-0.08129032258064521,70.00000000000006,0.7857142857142858,37.93548387096774
25,1.5,1.5,1.0,889,37.120359955005625,-64.00000000000009,-0.07199100112485948,72.50000000000013,0.885509838998211,62.879640044994375
25,2.0,1.5,1.0,889,37.120359955005625,-64.00000000000009,-0.07199100112485948,72.50000000000013,0.885509838998211,62.879640044994375
25,0.5,4.0,2.0,938,9.594882729211088,-66.00000000000003,-0.070362473347548,72.00000000000003,0.8450704225352114,22.707889125799575
25,2.0,2.0,1.0,837,30.70489844683393,-66.00000000000006,-0.07885304659498214,75.0000000000001,0.886206896551724,69.29510155316608
25,1.5,4.0,2.0,691,20.11577424023155,-66.00000000000009,-0.09551374819102762,84.00000000000006,0.8938906752411575,45.00723589001447
25,2.0,3.0,1.5,711,26.72292545710267,-67.49999999999525,-0.09493670886075282,97.49999999999812,0.8941176470588303,59.774964838255976
25,1.5,4.0,1.0,801,14.107365792759053,-68.00000000000003,-0.08489388264669168,80.00000000000004,0.8692307692307693,64.91885143570538
25,1.0,4.0,2.0,773,15.653298835705046,-68.00000000000007,-0.08796895213454084,74.00000000000009,0.8768115942028984,35.70504527813713
25,2.0,2.5,1.5,732,32.37704918032787,-68.99999999999503,-0.09426229508196042,84.49999999999793,0.895691609977331,60.245901639344254
25,1.0,3.0,1.5,822,17.88321167883212,-68.9999999999962,-0.08394160583941145,86.99999999999852,0.8647058823529478,41.3625304136253
25,0.5,1.5,1.5,1020,23.431372549019606,-68.99999999999706,-0.06764705882352653,73.49999999999712,0.8385964912280761,27.941176470588236
25,2.0,4.0,1.0,765,15.686274509803921,-69.00000000000006,-0.09019607843137262,79.99999999999999,0.8743169398907104,71.76470588235294
25,2.0,4.0,1.5,677,20.088626292466767,-70.99999999999557,-0.10487444608566554,82.49999999999571,0.8845528455284617,60.56129985228951
25,2.0,2.5,1.0,816,24.63235294117647,-71.49999999999999,-0.08762254901960782,81.99999999999993,0.8754355400696866,70.34313725490196
25,2.0,2.0,1.5,755,40.13245033112583,-71.99999999999496,-0.09536423841058934,81.999999999998,0.89380530973452,59.867549668874176
25,1.5,2.0,1.5,791,34.89254108723136,-71.9999999999954,-0.09102402022755424,82.99999999999805,0.8846153846153914,52.591656131479134
25,1.0,2.5,1.5,838,21.599045346062052,-73.99999999999602,-0.08830548926013845,80.99999999999834,0.8594491927825328,41.8854415274463
25,1.5,2.0,1.0,866,27.48267898383372,-74.00000000000004,-0.08545034642032337,84.00000000000007,0.8654545454545454,63.51039260969977
25,1.5,2.5,1.5,771,27.496757457846954,-77.49999999999544,-0.10051880674448176,90.99999999999554,0.8724279835391013,52.52918287937744
25,1.5,3.0,1.5,751,22.503328894806923,-77.99999999999571,-0.10386151797602625,97.4999999999983,0.8666666666666731,51.93075898801598
25,1.0,1.5,1.0,945,30.158730158730158,-79.50000000000018,-0.08412698412698433,83.50000000000023,0.8431952662721892,53.65079365079365
25,2.0,3.0,1.0,799,20.275344180225282,-80.00000000000004,-0.100125156445557,94.99999999999999,0.8586572438162545,70.83854818523155
25,0.5,3.0,2.0,960,12.1875,-80.99999999999994,-0.08437499999999994,84.99999999999989,0.8125000000000002,22.5
25,1.0,4.0,1.0,870,11.609195402298852,-81.00000000000014,-0.09310344827586223,88.00000000000004,0.8329896907216493,55.74712643678161
25,1.0,4.0,2.5,757,17.040951122853368,-81.49999999999754,-0.10766182298546571,91.99999999999893,0.8635983263598364,31.571994715984147
25,1.5,2.0,2.0,762,40.419947506561684,-81.99999999999997,-0.1076115485564304,95.99999999999994,0.8825214899713468,45.800524934383205
25,0.5,2.0,2.0,989,18.806875631951467,-84.00000000000011,-0.08493427704752286,88.00000000000017,0.8157894736842104,23.053589484327603
25,0.5,2.5,2.0,976,14.856557377049182,-85.49999999999991,-0.08760245901639335,88.49999999999986,0.8091517857142861,22.950819672131146
25,1.5,2.5,1.0,847,21.605667060212514,-85.49999999999999,-0.10094451003541911,97.4999999999999,0.8425414364640886,64.1086186540732
25,1.5,4.0,2.5,667,21.88905547226387,-85.9999999999972,-0.12893553223387885,109.49999999999883,0.8716417910447798,40.17991004497751
25,1.0,2.0,1.0,924,22.4025974025974,-87.0000000000001,-0.09415584415584426,90.00000000000009,0.8263473053892215,54.22077922077923
25,1.0,3.0,2.0,798,19.799498746867165,-87.99999999999991,-0.11027568922305754,94.99999999999983,0.8434163701067618,35.21303258145363
25,1.5,3.0,2.0,718,25.90529247910863,-87.99999999999999,-0.1225626740947075,110.00000000000001,0.8637770897832818,44.986072423398326
25,1.5,1.5,2.0,786,53.9440203562341,-88.0000000000001,-0.11195928753180674,98.00000000000007,0.8784530386740331,46.0559796437659
25,2.0,1.5,2.0,786,53.9440203562341,-88.0000000000001,-0.11195928753180674,98.00000000000007,0.8784530386740331,46.0559796437659
25,1.5,3.0,1.0,834,17.985611510791365,-89.00000000000004,-0.10671462829736215,105.0,0.8348794063079777,64.62829736211032
25,1.0,2.0,2.0,834,30.935251798561154,-89.99999999999997,-0.10791366906474817,93.99999999999997,0.8514851485148516,36.330935251798564
25,0.5,4.0,1.0,996,7.931726907630522,-91.00000000000009,-0.09136546184738964,96.00000000000004,0.7764127764127763,40.86345381526104
25,2.0,2.0,2.0,721,46.74063800277393,-94.0,-0.130374479889043,104.00000000000006,0.8776041666666667,53.25936199722607
25,1.5,2.5,2.0,737,31.343283582089555,-94.49999999999986,-0.1282225237449116,107.49999999999986,0.8593750000000002,45.59023066485753
25,0.5,4.0,2.5,926,10.043196544276457,-95.49999999999808,-0.10313174946004112,100.99999999999808,0.7957219251336931,20.19438444924406
25,2.0,4.0,2.0,637,22.919937205651493,-96.00000000000013,-0.15070643642072235,106.00000000000023,0.8588235294117647,53.37519623233909
25,1.0,1.5,2.0,857,41.1901983663944,-96.50000000000007,-0.11260210035005842,101.00000000000006,0.845846645367412,36.522753792298715
25,0.5,1.5,1.0,1060,20.09433962264151,-98.50000000000009,-0.09292452830188687,102.99999999999997,0.7643540669856459,39.43396226415095
25,0.5,2.0,1.0,1045,15.21531100478469,-99.00000000000016,-0.09473684210526331,102.00000000000009,0.7625899280575538,39.90430622009569
25,0.5,1.5,2.0,1005,24.378109452736318,-100.50000000000004,-0.10000000000000005,103.50000000000009,0.7852564102564102,23.283582089552237
25,2.0,4.0,2.5,606,25.742574257425744,-100.99999999999696,-0.16666666666666166,110.49999999999704,0.8606896551724174,47.85478547854785
25,2.0,3.0,2.0,671,30.25335320417288,-100.99999999999999,-0.15052160953800295,117.00000000000006,0.8577464788732395,52.90611028315947
25,1.0,2.5,2.0,814,23.710073710073708,-101.49999999999984,-0.1246928746928745,106.99999999999983,0.8261986301369868,35.872235872235876
25,0.5,4.0,3.0,908,10.462555066079295,-103.00000000000013,-0.11343612334801777,108.00000000000011,0.7867494824016563,17.731277533039645
25,0.5,2.5,1.0,1034,12.088974854932303,-104.50000000000001,-0.10106382978723405,106.49999999999987,0.7494004796163072,40.32882011605416
25,2.0,2.5,2.0,692,36.70520231213873,-104.99999999999991,-0.15173410404624266,117.99999999999991,0.8581081081081083,53.46820809248555
25,0.5,3.0,1.0,1022,10.078277886497064,-105.00000000000003,-0.10273972602739728,107.99999999999994,0.746376811594203,40.50880626223092
25,1.0,3.0,1.0,898,14.476614699331849,-107.00000000000006,-0.1191536748329622,109.99999999999994,0.7847082494969819,55.345211581291764
25,1.0,2.5,1.0,908,17.180616740088105,-108.00000000000003,-0.11894273127753308,109.99999999999993,0.7831325301204821,54.845814977973575
25,2.0,3.0,2.5,639,34.11580594679186,-108.49999999999675,-0.16979655712049568,132.4999999999987,0.8577049180327906,47.73082942097027
25,1.0,4.0,3.0,739,17.591339648173207,-113.00000000000014,-0.15290933694181344,119.00000000000017,0.8214849921011058,28.55209742895805
25,1.0,3.0,2.5,783,21.455938697318008,-113.49999999999734,-0.14495530012771052,120.49999999999892,0.8161943319838093,31.545338441890163
25,0.5,3.0,2.5,949,12.750263435194942,-114.49999999999798,-0.12065331928345414,117.99999999999794,0.760209424083773,20.12644889357218
25,2.0,2.0,2.5,688,51.74418604651163,-117.99999999999648,-0.1715116279069716,127.49999999999662,0.8578313253012085,48.25581395348838
25,0.5,2.0,2.5,982,19.551934826883908,-118.49999999999808,-0.12067209775967218,122.49999999999814,0.7641791044776148,20.468431771894092
25,1.5,2.0,2.5,735,43.53741496598639,-119.99999999999683,-0.16326530612244466,132.99999999999866,0.8421052631578984,41.36054421768707
25,1.5,4.0,3.0,646,22.755417956656345,-120.00000000000016,-0.18575851393188877,129.00000000000017,0.8305084745762711,36.53250773993808
25,1.5,3.0,2.5,692,28.034682080924856,-120.49999999999703,-0.1741329479768743,143.99999999999878,0.8284697508896833,40.60693641618497
25,0.5,3.0,3.0,931,13.319011815252416,-123.00000000000011,-0.13211600429645554,126.00000000000009,0.7515151515151515,17.722878625134264
25,0.5,2.0,3.0,963,20.35306334371755,-124.00000000000028,-0.12876427829698886,128.00000000000028,0.75968992248062,17.86085150571132
25,1.0,2.0,2.5,818,32.88508557457212,-124.49999999999731,-0.15220048899755173,128.49999999999744,0.8120754716981167,32.396088019559905
25,2.0,2.5,2.5,660,40.75757575757576,-124.99999999999656,-0.18939393939393417,137.49999999999662,0.843260188087778,48.333333333333336
25,0.5,2.5,2.5,965,15.33678756476684,-124.99999999999791,-0.1295336787564745,127.49999999999788,0.7474747474747508,20.51813471502591
25,1.5,1.5,2.5,759,58.23451910408433,-129.49999999999673,-0.17061923583662283,137.4999999999969,0.8365930599369121,41.76548089591568
25,2.0,1.5,2.5,759,58.23451910408433,-129.49999999999673,-0.17061923583662283,137.4999999999969,0.8365930599369121,41.76548089591568
25,0.5,2.5,3.0,944,15.995762711864407,-129.5000000000001,-0.13718220338983064,132.00000000000009,0.7445759368836292,17.902542372881356
25,1.5,2.5,2.5,711,33.61462728551336,-132.4999999999969,-0.1863572433192643,144.99999999999702,0.8184931506849351,41.068917018284104
25,2.0,4.0,3.0,581,27.19449225473322,-133.0000000000002,-0.22891566265060276,142.00000000000017,0.826143790849673,43.88984509466437
25,1.0,3.0,3.0,762,22.440944881889763,-135.00000000000006,-0.17716535433070874,141.00000000000006,0.7916666666666669,28.346456692913385
25,2.0,3.0,3.0,615,36.58536585365854,-135.0000000000001,-0.21951219512195141,150.00000000000009,0.8333333333333334,43.90243902439025
25,1.0,1.5,2.5,841,43.63852556480381,-136.99999999999727,-0.16290130796670305,141.49999999999736,0.800727272727276,32.69916765755054
25,1.0,2.5,2.5,796,25.251256281407038,-137.49999999999727,-0.17273869346733325,142.49999999999736,0.7851562500000034,32.1608040201005
25,0.5,1.5,2.5,998,25.250501002004004,-139.49999999999793,-0.1397795591182344,142.49999999999804,0.7304347826086988,20.741482965931866
25,1.5,3.0,3.0,670,29.701492537313435,-144.00000000000009,-0.2149253731343285,159.00000000000009,0.805668016194332,36.86567164179104
25,0.5,1.5,3.0,978,26.380368098159508,-144.00000000000023,-0.14723926380368121,147.00000000000034,0.7288135593220338,18.098159509202453
25,2.0,2.0,3.0,657,55.55555555555556,-146.00000000000017,-0.2222222222222225,155.00000000000028,0.8333333333333334,44.44444444444444
25,1.5,2.0,3.0,709,46.1212976022567,-147.00000000000014,-0.2073342736248239,156.00000000000014,0.8164794007490637,37.65867418899859
25,1.0,2.0,3.0,794,34.5088161209068,-151.00000000000023,-0.1901763224181363,155.00000000000028,0.7839771101573674,29.345088161209066
25,2.0,2.5,3.0,631,43.74009508716323,-156.0000000000001,-0.24722662440570542,168.00000000000003,0.8156028368794327,44.69096671949287
25,1.0,2.5,3.0,774,26.614987080103358,-160.00000000000009,-0.20671834625323007,165.00000000000014,0.7629629629629631,29.069767441860467
25,1.5,2.5,3.0,686,35.56851311953353,-161.00000000000009,-0.23469387755102053,173.00000000000006,0.7911802853437097,37.46355685131195
25,1.5,1.5,3.0,735,61.7687074829932,-162.0000000000002,-0.2204081632653064,169.50000000000023,0.8078291814946619,38.23129251700681
25,2.0,1.5,3.0,735,61.7687074829932,-162.0000000000002,-0.2204081632653064,169.50000000000023,0.8078291814946619,38.23129251700681
25,1.0,1.5,3.0,818,45.72127139364303,-171.00000000000028,-0.20904645476772651,175.50000000000026,0.7663934426229506,29.82885085574572
